,id,Created at,Screen Name,Tweet Text,sentiment
0,1321203946883444738,Tue Oct 27 21:35:42 +0000 2020,kylegriffin1,"Breaking: New NYT tax report.

Trump's federal income tax records show for the first time that, since 2010, Deutsch‚Ä¶ https://t.co/vR8Saha7D7",positive
1,1321138640794378242,Tue Oct 27 17:16:12 +0000 2020,Fahrenthold,NEW: Previously un-released documents show the government has paid $2.5 million to @realdonaldtrump's businesses. F‚Ä¶ https://t.co/BigIarX1ho,negative
2,1321232759516528640,Tue Oct 27 23:30:11 +0000 2020,RepAdamSchiff,"There is no limit to this Administration‚Äôs corruption and self-dealing.

Trump compelled the government to patroniz‚Ä¶ https://t.co/XJi3Tx2Xg5",positive
3,1321725945775095808,Thu Oct 29 08:09:56 +0000 2020,GoldenStagNJ,HELL YEAH!!!!!! VOTE TRUMP!!!!! #Trump2020Landslide https://t.co/T92Yl8BuHj,negative
4,1321725944869068805,Thu Oct 29 08:09:56 +0000 2020,kbbilly,"RT @StevenBeschloss: Just like Trump told Bob Woodward in February the virus is ‚Äúdeadly stuff,‚Äù you know he knows how dangerous and deadly‚Ä¶",positive
5,1321725944504160256,Thu Oct 29 08:09:56 +0000 2020,TooShredToQuit,"RT @FoxNews: AOC appears in Vanity Fair in outfits worth $14,000 to curse Trump out https://t.co/9caagOKAri",negative
6,1321725944407621632,Thu Oct 29 08:09:56 +0000 2020,lemonicco,RT @Wut_Alex: The trump supporters in OC have to remember that he denied California wildfire aid,positive
7,1321725944294506498,Thu Oct 29 08:09:56 +0000 2020,skipz,"RT @MeidasTouch: Between the Omaha disaster and this, could it be any clearer how little Trump cares about his supporters? https://t.co/wxp‚Ä¶",negative
8,1321725944210575360,Thu Oct 29 08:09:56 +0000 2020,MikeTho64757224,@wesbury You should add one more credential to your bio. ‚ÄúTrump shill and supreme ass-kisser of the month finalist‚Äù‚Ä¶ https://t.co/Bw22QH9VzQ,negative
9,1321725943480635392,Thu Oct 29 08:09:56 +0000 2020,Joy73779478,@CNNPolitics Hahaha She‚Äôs as delusional as her fat orange spouse. He was the idiot in chief denying covid. He was i‚Ä¶ https://t.co/k7T1DF8fgk,negative
10,1321725942746828800,Thu Oct 29 08:09:55 +0000 2020,m0rjc,@Nigel_Farage Like minds are attracted to eachother. I'm not sure whether you sully Trump or Trump sullies you more.,positive
11,1321725942448881666,Thu Oct 29 08:09:55 +0000 2020,burkemichael,"So when Trump‚Äôs finally gone, this place will empty out like a row of portapottys on fire. Enjoy him while you can.",positive
12,1321725941379452928,Thu Oct 29 08:09:55 +0000 2020,DavidHerdson,@casinoroyalepb @AlastairMeeks I think he could do a lot more than that on Trump TV.,positive
13,1321725941354242048,Thu Oct 29 08:09:55 +0000 2020,BurrsPig,"RT @ProjectLincoln: The bigger the vote, the harder it will be for Trump to declare the election fraudulent. 

Vote.",negative
14,1321725941287129089,Thu Oct 29 08:09:55 +0000 2020,fabreeze1,@Nigel_Farage Nigel for PM. Trump for president üëç,negative
15,1321725939819204608,Thu Oct 29 08:09:55 +0000 2020,FranDixon13,"RT @MartinDaubney: Can you imagine how big the global temper tantrum will be if Trump wins after @Nigel_Farage endorsed him?

It will be li‚Ä¶",negative
16,1321725939160653825,Thu Oct 29 08:09:55 +0000 2020,thatgirldiane,RT @DeaconBlues0: Trump is doing more to stop people from voting than he is doing to stop people from dying.,positive
17,1321725938766389249,Thu Oct 29 08:09:54 +0000 2020,starmorastucky,RT @JoeBiden: It‚Äôs simple: Donald Trump thinks health care is a privilege. I think it is your right.,positive
18,1321725938367832065,Thu Oct 29 08:09:54 +0000 2020,GregTur65383853,"America can‚Äôt live and have an economy at the same time. Loser Trump, the science ignoramus pretending to be presid‚Ä¶ https://t.co/8lhbikmDsP",positive
19,1321725937776500736,Thu Oct 29 08:09:54 +0000 2020,ZenTaoPrincess,RT @justinjm1: Conservatives who say racism is largely a spent force refuse to condemn or even acknowledge the monstrous racism coming from‚Ä¶,negative
20,1321725937705230338,Thu Oct 29 08:09:54 +0000 2020,ange_kylie,"RT @sissyroxx: Biden: 525 kids won't be reunited with their parents.
Trump: Good

Retweet the hell out of this!",positive
21,1321725937097023488,Thu Oct 29 08:09:54 +0000 2020,MMerajKKhan,"RT @nytimes: Stephen Miller, one of the key architects of the Trump administration‚Äôs severely restrictive immigration agenda, attacked Joe‚Ä¶",positive
22,1321725936396652544,Thu Oct 29 08:09:54 +0000 2020,StanOwnsIt,"RT @JackPosobiec: A Miles Taylor opened the Russia investigation on Trump

A Miles Taylor decided to keep your state locked down

A Miles T‚Ä¶",negative
23,1321725936304271360,Thu Oct 29 08:09:54 +0000 2020,OneilRoses,"RT @MeidasTouch: 1,000 tweets with #SickoTrump and we will release our latest ad. Warning. It's devastating for Trump.",positive
24,1321725936186830848,Thu Oct 29 08:09:54 +0000 2020,masg66,"RT @JournalistJG: @NateSilver538 No reason not to expect Kav. to lead a Barrett-packed majority to stop vote counting Nov 4!

Trump today:‚Äú‚Ä¶",positive
25,1321725936111374336,Thu Oct 29 08:09:54 +0000 2020,colpean89,"RT @hodgetwins: Trump asked why the Biden Corruption story wasn't trending. RT this if you're wondering the same. 

 @realDonaldTrump @Dona‚Ä¶",positive
26,1321725935461294080,Thu Oct 29 08:09:54 +0000 2020,GlynnHJ,@dmichaels17 @prosperi_gloria @KeithOlbermann @RexChapman You don‚Äôt need to be highly educated to know good from ba‚Ä¶ https://t.co/BeHmlBqWJF,positive
27,1321725935205363717,Thu Oct 29 08:09:54 +0000 2020,VioletReads,"RT @JayneDutra: Joe Biden has been endorsed by 81 Nobel Prize recipients and nearly 500 General and Admirals.  

Donald Trump has been endo‚Ä¶",negative
28,1321725935087923202,Thu Oct 29 08:09:54 +0000 2020,gone4good2,"Trump's proposed budget called for cuts to Medicare. Wise up , America. https://t.co/RG6zN3Ojy8",negative
29,1321725934836350976,Thu Oct 29 08:09:54 +0000 2020,neildrewitt,"Exclusive: Biden stretches national lead in campaign‚Äôs final days, new poll finds https://t.co/IykSIJoHiw",positive
30,1321725934798557185,Thu Oct 29 08:09:53 +0000 2020,redgraeme,"RT @SholaMos1: Nigel Farage endorses #Trump as 'leader of the free world' while Trump calls him 'the most powerful man in Europe'.

Two del‚Ä¶",positive
31,1321725934760873985,Thu Oct 29 08:09:53 +0000 2020,LadyLiberty4syt,RT @TGalore2: @JohnsHopkins @JustinLessler @khgrantz @JohnsHopkinsSPH Trump rallies.,negative
32,1321725934714716161,Thu Oct 29 08:09:53 +0000 2020,Jlarlat1,"RT @NPR: President Trump's approach to handling coronavirus is clear from his record. What would Joe Biden do? 

Among his proposals:
‚Ä¢ Nat‚Ä¶",negative
33,1321725932508487681,Thu Oct 29 08:09:53 +0000 2020,upchuck66,"RT @kelly2277: üî•Russian hackers cloaked attacks using Iranian group - so it looks like ‚Å¶@DNI_Ratcliffe‚Å©, ‚Å¶@GOP‚Å© and Trump LIED about Iran e‚Ä¶",negative
34,1321725932508450816,Thu Oct 29 08:09:53 +0000 2020,CynderIm,"RT @Acosta: At Trump rally in Phoenix area, I was told by a supporter of the president to ‚Äúget the hell out of our country.‚Äù Tell that to m‚Ä¶",negative
35,1321725932466397185,Thu Oct 29 08:09:53 +0000 2020,JMDelga82664720,RT @Acosta: This happens at just about every Trump rally. I‚Äôve covered five presidential campaigns... long enough to know this isn‚Äôt normal‚Ä¶,negative
36,1321725932030275584,Thu Oct 29 08:09:53 +0000 2020,non1amato,"RT @thejtlewis: This guy lays out the case for re-electing Trump better than almost anyone....
 https://t.co/888vnFYKKk",negative
37,1321725932009377792,Thu Oct 29 08:09:53 +0000 2020,Trigger21111888,"@DonaldJTrumpJr @JoeBiden Trump jr, don't follow your father down the wrong path. For hell and the judgement of the‚Ä¶ https://t.co/6iz9ZKjFto",negative
38,1321725931505872896,Thu Oct 29 08:09:53 +0000 2020,ThaddMEvans,good question. Watch out for Trump's sneaky tricks. https://t.co/8EelMBbJEI,positive
39,1321725931359264774,Thu Oct 29 08:09:53 +0000 2020,MIAgiveKISSES,"#POTUS, DEPLORABLE supporters, trump IS A FALSE ‚ÄòIDOL‚Äô WITH A POOR MESSAGE THAT IS NOT THE TEACHINGS OF ‚ÄòJESUS‚Äô! HE‚Ä¶ https://t.co/2rbN1lQX8s",negative
40,1321725930906263552,Thu Oct 29 08:09:53 +0000 2020,MickDAmario,"RT @TheRickWilson: Offffff. 

Resumes from Trump campaign staffers already circulating.",negative
41,1321725930587435008,Thu Oct 29 08:09:52 +0000 2020,DoctorMju,"@Stornowayguy @Effiedeans No reply to my question. Irrelevantly brings up Trump.
Troll and block.",positive
42,1321725930495111168,Thu Oct 29 08:09:52 +0000 2020,GaryKoepnick,"RT @RepAdamSchiff: There is no limit to this Administration‚Äôs corruption and self-dealing.

Trump compelled the government to patronize his‚Ä¶",positive
43,1321725930268622849,Thu Oct 29 08:09:52 +0000 2020,TRACYWHITEDAVI1,Ted Cruz: Trump's Hunter Biden attacks won't win him votes https://t.co/MTExjOABLd via @MSNBC,negative
44,1321725930226634752,Thu Oct 29 08:09:52 +0000 2020,nathantonge613,"RT @KamalaHarris: Donald Trump and Republicans had a choice: Take charge of this virus and pass a relief bill, or push through a Supreme Co‚Ä¶",negative
45,1321725929933180929,Thu Oct 29 08:09:52 +0000 2020,TheRealCornPop4,@PFTroy @TheHillReport @mmfa As if these assholes arent currently birds ing down Philadelphia as I type this. They‚Ä¶ https://t.co/FQ9VTIddYP,negative
46,1321725929819938816,Thu Oct 29 08:09:52 +0000 2020,taximoz4u,"RT @thejtlewis: Trump is running on his record.

Biden is running from his record.",negative
47,1321725929341804546,Thu Oct 29 08:09:52 +0000 2020,BGramev68055257,"RT @DWUhlfelderLaw: Trump said he would fire DeSantis if he loses Florida.  However, it's going to be hard for Desantis to get a new job wh‚Ä¶",negative
48,1321725929203372033,Thu Oct 29 08:09:52 +0000 2020,DebbieCanning2,"RT @AndrewSolender: Here‚Äôs what they just played at Trump‚Äôs rally in Lansing, Michigan: https://t.co/pEzLNUamjs",negative
49,1321725928901324800,Thu Oct 29 08:09:52 +0000 2020,Sportinglesbian,"RT @ddale8: Trump: ""Kamala. Kamala. You know, if you don't pronounce her name exactly right, she gets very angry at you."" (No.) ""And then s‚Ä¶",negative
50,1321725928649666562,Thu Oct 29 08:09:52 +0000 2020,charlie_donnyed,"@JStein_WaPo Didn't Trump say, governors should be ""nice"" to him, then he would be ""nice"" to them?
Sounds like a ve‚Ä¶ https://t.co/rPr8AO407N",negative
51,1321725928561692672,Thu Oct 29 08:09:52 +0000 2020,Ponderfood,"RT @BoycottUtah: It is Thursday, October 29, 2020. One citizen, I call for the removal from office by any legal means, the impeached fascis‚Ä¶",positive
52,1321725928184049664,Thu Oct 29 08:09:52 +0000 2020,KalvinPhillipe,@JC30093197 @KilroyMaravich @realDonaldTrump Measles were eliminated in the US in 2000 through the consistent use o‚Ä¶ https://t.co/HlE3SKYTsj,negative
53,1321725927353688065,Thu Oct 29 08:09:52 +0000 2020,ID55246663,"RT @olusogaowoeye: Nigerian elites only use Nigeria, they have no love for  the country, look at @NOIweala a former World Bank MD and Niger‚Ä¶",positive
54,1321725926871281666,Thu Oct 29 08:09:52 +0000 2020,starshippah,"any1 else have the feeling that despite the estimations being in Biden's favor, Trump might end up winning the 2020 US elections?",negative
55,1321725926191833088,Thu Oct 29 08:09:51 +0000 2020,AnneWills15,"RT @SexCounseling: I have never seen a person more deserving of being President than Donald J. Trump, he loves America!

He has to be the h‚Ä¶",positive
56,1321725926179221504,Thu Oct 29 08:09:51 +0000 2020,RockingMagpie,RT @quietloner: If Farage is after meeting resilient and brave people he didn‚Äôt need to fly to a Trump rally. He could have visited his loc‚Ä¶,negative
57,1321725924803575808,Thu Oct 29 08:09:51 +0000 2020,Jezebel329,"RT @thomaskaine5: With all that we have seen, I wonder, ""What is wrong with the people who still support trump?""  Guessing they are filled‚Ä¶",negative
58,1321725924371410944,Thu Oct 29 08:09:51 +0000 2020,WeirdoofWeirdos,RT @PinkNews: Trans teen found swastikas on their desk and was forced to drop out of school after Donald Trump was elected president https:‚Ä¶,negative
59,1321725924132360194,Thu Oct 29 08:09:51 +0000 2020,irma5913,RT @irma5913: More Voters Blame Trump and Republicans for Failed Stimulus Negotiations Than Democrats https://t.co/Jn437hfMcS,negative
60,1321725924002312193,Thu Oct 29 08:09:51 +0000 2020,David93132411,RT @SenKamalaHarris: It‚Äôs unthinkable that Senate Republicans have left the American people hanging without passing additional COVID-19 rel‚Ä¶,negative
61,1321725922978930688,Thu Oct 29 08:09:51 +0000 2020,athoughtz,"RT @GeorgeTakei: Trump will leave you out in the cold.

No, literally, he will.",negative
62,1321725922819584000,Thu Oct 29 08:09:51 +0000 2020,TUFCAde,RT @joeheenan: Trump with Peter Griffin quotes https://t.co/jqNAiNdbh1,negative
63,1321725922274324483,Thu Oct 29 08:09:51 +0000 2020,DonnaGillis,RT @MeidasTouch: Just Jared Kushner on Tape confessing that they did a hostile takeover of the GOP and turned it into a Trump cult https://‚Ä¶,negative
64,1321725921972334595,Thu Oct 29 08:09:50 +0000 2020,claudi96733806,@ThePubliusUSA Who controls Trump? https://t.co/QJqucpCndD,negative
65,1321725921305513985,Thu Oct 29 08:09:50 +0000 2020,Imposter_Edits,Trump supporter gets a little to aggressive for his own good. https://t.co/gU9X1KE6oA,positive
66,1321725921049628674,Thu Oct 29 08:09:50 +0000 2020,Shannon60212531,"RT @JoeBiden: You can't make this up: Yesterday, the White House science office put out a statement listing ""ending the COVID-19 pandemic""‚Ä¶",positive
67,1321725920575705089,Thu Oct 29 08:09:50 +0000 2020,BRFC_Bigchris,Donald Trump hails Nigel Farage 'the King of Europe' as Brexit Party leader joins President on the campaign trail i‚Ä¶ https://t.co/jEXMQO4JbL,negative
69,1321725918470115328,Thu Oct 29 08:09:50 +0000 2020,BeauCards,"RT @BreitbartNews: Michigan Gov. Gretchen Whitmer quickly blamed President Trump for the alleged plotters of a kidnap conspiracy, but they‚Ä¶",negative
70,1321725917878800384,Thu Oct 29 08:09:49 +0000 2020,BeVigilantToday,"RT @LATiffani1: Holy shit!! 

My mom FINALLY woke up &amp; wishes she could rescind her vote. Rigid Democrat. An Obama devotee but she‚Äôs suppor‚Ä¶",negative
71,1321725917211709440,Thu Oct 29 08:09:49 +0000 2020,dainalyx,"RT @LyonnaLyu: HELLOOO. WE SAID A BLACK MAN WAS **LYNCHED** IN SACRAMENTO, THE CAPITOL OF ‚ÄúLIBERAL‚Äù BLUE CA! There were multiple white supr‚Ä¶",negative
73,1321725916167331840,Thu Oct 29 08:09:49 +0000 2020,ClarkJefferso12,"RT @briantylercohen: Fox News seems to have a penchant for bringing @PeteButtigieg on so he can decimate Trump on air.
https://t.co/JgP8L7y‚Ä¶",negative
74,1321725915211141121,Thu Oct 29 08:09:49 +0000 2020,_oleson,@zabin_ALsawab @nytimes @uae_3G @realDonaldTrump TRUMP 2020 ALL THE WAY!!!!,positive
75,1321725914552672256,Thu Oct 29 08:09:49 +0000 2020,PipkinDebbie,RT @runewarrior: @gtconway3d Does Trump know anyone whose worked in his administration?  He seems to never know anyone he's hired.,negative
76,1321725912933670912,Thu Oct 29 08:09:48 +0000 2020,craigmaughan,"If, for some reason, you ever thought Trump wasn't a racist moron this should help you understand that a little eas‚Ä¶ https://t.co/smBhygUtzJ",negative
77,1321725912497442816,Thu Oct 29 08:09:48 +0000 2020,lyssalynnj,"RT @SenSanders: 2019 monthly cost of:

Humira for Arthritis:
United States: $3,400
Canada: $1,200
Norway: $900

Januvia for Diabetes:
Unite‚Ä¶",positive
78,1321725912438738944,Thu Oct 29 08:09:48 +0000 2020,adshead_matt,@IvankaTrump @MelanieWeston15 @realDonaldTrump New account because I stuck up for Trump and I need followers,negative
79,1321725912031752192,Thu Oct 29 08:09:48 +0000 2020,RayLovison,"@SkyNewsAust @realDonaldTrump What a load of ""bullshit""

#Trump's debate performance was riddled with false claims‚Ä¶ https://t.co/qInmTJG7Cf",positive
80,1321725911771701248,Thu Oct 29 08:09:48 +0000 2020,Anonagain3,"RT @PatriotOutfitrs: DOESN‚ÄôT WANT HIS POLICE FORCE ABOLISHED, HIS CITIZEN‚ÄôS GUNS CONFISCATED &amp;THE PUKE ü§ÆGREEN NEW DEAL DESTROYING HIS CITY!‚Ä¶",positive
81,1321725911448707072,Thu Oct 29 08:09:48 +0000 2020,chumblespuzz,"RT @mmpadellan: It may be Fool's Gold, but I can't stop thinking about the possibility of Texas turning Blue.

And trump's face if/when it‚Ä¶",negative
82,1321725911360851968,Thu Oct 29 08:09:48 +0000 2020,Kinsal2,"RT @OxfordDiplomat: America, please don‚Äôt think this is the United Kingdom endorsing Donald Trump. It isn‚Äôt. The whole world hates him. And‚Ä¶",positive
83,1321725911272722434,Thu Oct 29 08:09:48 +0000 2020,JeromeJablonsk1,RT @JamesLeonDavid1: If Trump wins we'll have to impeach him again. But if we don't have the Senate it won't matter. We will legit have fas‚Ä¶,positive
84,1321725911180349440,Thu Oct 29 08:09:48 +0000 2020,schott_john,The Philly DA says Trump adding fuel to a fire yo dick head you let the police and the community do there job the f‚Ä¶ https://t.co/wJeLFE1QTe,positive
85,1321725910861651968,Thu Oct 29 08:09:48 +0000 2020,UrsulaCuffee,"RT @Ironhorse76: Not sure if it's worse to be miserable with a case of #COVID19, or have your ignorant, #MAGAt family scoff &amp; criticize you‚Ä¶",negative
87,1321725910618382336,Thu Oct 29 08:09:48 +0000 2020,ChloePolitiCat,"RT @RSBauch: @jglennfl68 @ChloePolitiCat @politico This is, unfortunately, what trump has taught his supporters; how to cloak themselves in‚Ä¶",negative
88,1321725910261862401,Thu Oct 29 08:09:48 +0000 2020,1_2know,@Crypsis12 @ABC He won't be increasing the risks by packing large crowds together. He won't be saying he's far enou‚Ä¶ https://t.co/T9WLcKXkvX,negative
89,1321725910165319681,Thu Oct 29 08:09:48 +0000 2020,_claudiaw,RT @animalwelfare24: When Trump did not fall the media behaved as though he had. Had I been there I would have called it out in front of ev‚Ä¶,negative
90,1321725909678907392,Thu Oct 29 08:09:48 +0000 2020,biofroak50,"RT @Independent: Trump left his own supporters stranded in the freezing cold in Nebraska and showed us exactly what he stands for
https://t‚Ä¶",positive
91,1321725909435584513,Thu Oct 29 08:09:47 +0000 2020,transplantduck,This country used to be able to deal with adversity. Now we have trump and his appointments.,positive
92,1321725909251067909,Thu Oct 29 08:09:47 +0000 2020,frangis45,RT @jimsciutto: Breaking: Supreme Court allows counting of ballots in North Carolina received 9 days after election as long as ballots post‚Ä¶,positive
93,1321725909179748355,Thu Oct 29 08:09:47 +0000 2020,nattywal,RT @piersmorgan: BREAKING: The person known as 'Anonymous' who trashed Trump in the New York Times 2yrs ago has finally gone public - and r‚Ä¶,positive
94,1321725908772917248,Thu Oct 29 08:09:47 +0000 2020,Yella3535,"RT @murray_nyc: @realDonaldTrump @nytimes @Google @CNN Miles Taylor speaks up about how horrendous it was working for Trump! 

https://t.co‚Ä¶",negative
95,1321725908731002881,Thu Oct 29 08:09:47 +0000 2020,B_A_Barton,RT @harrylitman: Dr Fauci on CNBC: ‚ÄúThis is going to get worse. Because we‚Äôre going more into a colder season...we‚Äôve got to do something d‚Ä¶,negative
97,1321725907799695361,Thu Oct 29 08:09:47 +0000 2020,JacksMalark,@PAULUSV3 @GOP @realDonaldTrump Let‚Äôs become one of those totalitarian countries where the sitting ruler always use‚Ä¶ https://t.co/XgJ9tbo5FY,negative
98,1321725907736891393,Thu Oct 29 08:09:47 +0000 2020,stvdog,"RT @DrewHolden360: üßµThreadüßµ

Today we found out that the ‚ÄúAnonymous‚Äù ‚Äúsenior‚Äù Trump official (of @nytimes op-ed &amp; book fame) was @MilesTayl‚Ä¶",positive
99,1321725907288100865,Thu Oct 29 08:09:47 +0000 2020,syleisw,RT @MingGao26: Opinions | Russian labs are caught making illegal chemical weapons. Will Trump finally respond? https://t.co/Ol1ONegiR2,negative
100,1321725907220848640,Thu Oct 29 08:09:47 +0000 2020,tuc00s,"@WestPaAnglers @JuliansRum My state has early voting, and I casted a big fat vote for our leader, President Trump.‚Ä¶ https://t.co/KjaCzQbnC8",negative
101,1321725906512093186,Thu Oct 29 08:09:47 +0000 2020,UnrealGrape,@atrupar Trump would miss weight,negative
102,1321725906038202369,Thu Oct 29 08:09:47 +0000 2020,jengrimes8,RT @DrEricDing: BREAKING‚ÄîWhite House insider sources admit Scott Atlas and Trump WH has been pursuing ‚Äúherd immunity‚Äù all along‚Äîand ‚Äúattemp‚Ä¶,positive
103,1321725905987883008,Thu Oct 29 08:09:47 +0000 2020,data270,Nevada is almost entirely VBM. Some are choosing to vote in-person. Washoe County (Reno) is still showing Democrats‚Ä¶ https://t.co/KsAy6j7G7W,negative
104,1321725905828421633,Thu Oct 29 08:09:47 +0000 2020,VacuousOldMe,"RT @GunnelsWarren: The real looting in America is the Walton family becoming $53 billion richer during a pandemic, while cutting the pay an‚Ä¶",positive
105,1321725904700153858,Thu Oct 29 08:09:46 +0000 2020,bcbiloxi,"RT @mjhegar: As COVID-19 surged in El Paso and across Texas, @JohnCornyn wasted weeks rushing through Donald Trump's Supreme Court nominee‚Ä¶",negative
106,1321725904641511429,Thu Oct 29 08:09:46 +0000 2020,Abdulla53275879,"@HinduHeisenberg @itsKakaSipahi Bsdk phly America kay talway chahatay Us Endia friendsip ü§£ü§£
Phir jab trump be bola‚Ä¶ https://t.co/yafhSgXwBY",positive
107,1321725903215435778,Thu Oct 29 08:09:46 +0000 2020,leeicewitz1,RT @funder: The day Trump leaves office will be one of the most celebrated in human history. #WednesdaySenateBlueWave,positive
108,1321725902410014721,Thu Oct 29 08:09:46 +0000 2020,MercMarten,"@realDonaldTrump Says the guy whose wife made THESE remarks:

""I'm working my a-- off with the Christmas stuff that‚Ä¶ https://t.co/lWjf5zo9lT",negative
109,1321725902330482688,Thu Oct 29 08:09:46 +0000 2020,titojim1,Donald Trump invites Nigel Farage on stage to urge supporters to ‚Äòvote for decency‚Äô in US election https://t.co/zPRS5LEtRV via @Yahoo,negative
111,1321725899713187840,Thu Oct 29 08:09:45 +0000 2020,BooRosko,Trump‚Äôs Florida rally will be at an in-person early voting polling place ‚Äî side-stepping electioneering laws https://t.co/utjkAz1ttc,negative
112,1321725899633557505,Thu Oct 29 08:09:45 +0000 2020,Budz442Bud,"Golf legend Jack Nicklaus tweets endorsement of President Donald Trump: 'He has delivered on his promises' 

I neve‚Ä¶ https://t.co/MfxieYzIHg",positive
113,1321725899528654848,Thu Oct 29 08:09:45 +0000 2020,missvalarie2,RT @blaireerskine: Woman stranded at MAGA rally in Omaha says Trump wanted to teach them a lesson https://t.co/SvqYw5MnOZ,negative
114,1321725899289563137,Thu Oct 29 08:09:45 +0000 2020,Brakinator99,"RT @homophobesbad: Player character is the trump administration, Natsuki is minorities in the U.S.",negative
115,1321725897804664833,Thu Oct 29 08:09:45 +0000 2020,teco22222,RT @McFaul: These negative evaluations of Xi are especially striking given similar negative evaluations of Trump around the world.  Xi fail‚Ä¶,positive
116,1321725897708199936,Thu Oct 29 08:09:45 +0000 2020,SierraABeach,"RT @AP4Liberty: Abortionist: ""It's Trump's character that bothers me the most.""",negative
118,1321725896353411075,Thu Oct 29 08:09:44 +0000 2020,3215279,Donald Trump has chosen death for 2.3MILLION AMERICANS  ‚ÄúHERD IMMUNITY‚Äù initiated byJared and Stephen Miller....BUT‚Ä¶ https://t.co/NBuAURJQra,negative
119,1321725896198270976,Thu Oct 29 08:09:44 +0000 2020,simpinjimin,@yyxyifan Yeah that's valid it's upsetting to hear about him not paying his dancers that's trump shit right there no thank you,positive
120,1321725896168894471,Thu Oct 29 08:09:44 +0000 2020,CloverdaleGal,"RT @thomaskaine5: CATHOLICS.  Today Remember. The Pope said. Do NOT VOTE for Trump.  ""He's not a Christian.""",positive
122,1321725896064118786,Thu Oct 29 08:09:44 +0000 2020,MaisieBar,"RT @voxdotcom: ""If there‚Äôs any family that should sit out attacking others for alleged corruption, it‚Äôs the Trumps,"" writes @atrupar.
https‚Ä¶",positive
123,1321725895762128896,Thu Oct 29 08:09:44 +0000 2020,tomnm2001,"We don't all hate him, like not all Americans hate trump https://t.co/PZonYKM9aV",negative
124,1321725895036542978,Thu Oct 29 08:09:44 +0000 2020,Tired2Iam,RT @hugolowell: House Speaker Nancy Pelosi pushes back on MSNBC at Trump comments that election results should come on election night: ‚ÄúFor‚Ä¶,positive
125,1321725894839488512,Thu Oct 29 08:09:44 +0000 2020,Danny_Brave074,RT @JackPosobiec: Trump North Carolina 2016 and Trump North Carolina 2020 https://t.co/NNLST1VR0K,negative
126,1321725894537416705,Thu Oct 29 08:09:44 +0000 2020,joyfullee10,"RT @SenSanders: If Trump could get $287 million of his debt canceled for his bogus real estate deals, please don't tell me we can't cancel‚Ä¶",negative
127,1321725894390591488,Thu Oct 29 08:09:44 +0000 2020,Jamin2g,"Really?

https://t.co/dPc4sAEhs4 https://t.co/BUuSAezqui",negative
128,1321725893945995264,Thu Oct 29 08:09:44 +0000 2020,5cribblesvurt,RT @NateSilver538: I don't want to be too snarky but Trump needs to close a big polling deficit and this is the message on a day with 80k n‚Ä¶,positive
129,1321725893056757760,Thu Oct 29 08:09:44 +0000 2020,Rokkin7,@realDonaldTrump @TuckerCarlson You are losing. Landslide win for Biden/Harris. Dump trump,positive
130,1321725892956246017,Thu Oct 29 08:09:44 +0000 2020,ChavelDiaz,RT @jacobsoboroff: No surprise @DHS_Wolf would defend Trump‚Äôs family separations with such a bogus and outrageous claim ‚Äî he prepared an ea‚Ä¶,positive
131,1321725892834562055,Thu Oct 29 08:09:43 +0000 2020,LatAmFr,RT @ABC: EXCLUSIVE: Donald Trump Jr. says he believes the New York Times op-ed penned by an anonymous senior administration official was wr‚Ä¶,negative
132,1321725892469673984,Thu Oct 29 08:09:43 +0000 2020,Raswell1,"RT @marklevinshow: Will big media be reporting this?
https://t.co/XfV8HrRp3c",negative
133,1321725892402520064,Thu Oct 29 08:09:43 +0000 2020,Pegster69,@cookiemono15 @ShelaghFogarty Yet Trump is so eloquent ü§™üòÇüòÇ,positive
134,1321725892243165186,Thu Oct 29 08:09:43 +0000 2020,ErinHob25585304,"RT @JoeBiden: When Governor Whitmer worked to protect her state from a deadly pandemic, President Trump issued a call to ""LIBERATE MICHIGAN‚Ä¶",negative
135,1321725892222099456,Thu Oct 29 08:09:43 +0000 2020,_claudiaw,RT @animalwelfare24: Things I just don't share cause when the impulse hits me one of you has been such an abomination of a human being I sa‚Ä¶,positive
136,1321725891291025408,Thu Oct 29 08:09:43 +0000 2020,jpe33180,"@sarahcpr Tucker, Hannity, Trump &amp; many others set my spidey senses off. Not sure if it's due to their deficit of s‚Ä¶ https://t.co/BuGtuvbwGO",positive
139,1321725889177145345,Thu Oct 29 08:09:43 +0000 2020,KrystenLindsay,"RT @washingtonpost: A week before the election and as several voter rights legal battles play out, Postal Service delays have forced the Tr‚Ä¶",positive
141,1321725888787079168,Thu Oct 29 08:09:43 +0000 2020,ThatoBomba,RT @sbusteezkat_: Donald Trump calling Joe Biden ‚ÄúSleepy Joe‚Äù will always make me chuckle.,positive
142,1321725888627646465,Thu Oct 29 08:09:42 +0000 2020,helpsave2020,Helen Mirren and Sarah Cooper mock Trump's infamous ‚Äògrab them by the p***y‚Äô tape in new Netflix special https://t.co/4SsQMFB7Uu,positive
143,1321725887981756416,Thu Oct 29 08:09:42 +0000 2020,Dragana69567618,RT @midmichigannow: Flint City Council member and life long Democrat Maurice Davis says he is backing @realDonaldTrump . Read More: https:/‚Ä¶,positive
144,1321725887914610688,Thu Oct 29 08:09:42 +0000 2020,Michell82968785,Trump Can‚Äôt Stop Talking About How He Plans to Steal the Election  https://t.co/zO1pmlx9r1,negative
145,1321725887763619845,Thu Oct 29 08:09:42 +0000 2020,LanceAScott,"RT @RWTrollPatrol: @TuckerCarlson Even Fox news knows Trump is toast and that he's going to destroy the republican party. 
 https://t.co/Rc‚Ä¶",negative
147,1321725886350028800,Thu Oct 29 08:09:42 +0000 2020,karenwollie,"RT @cathywilcox1: Trump‚Äôs pick.
My ‚Å¶‚Å¶@smh‚Å© @theage cartoon. https://t.co/E4LaV2u6hB",positive
149,1321725885326761984,Thu Oct 29 08:09:42 +0000 2020,Smog2014,RT @TomJChicago: Trump in desperation treats supporters like servants. Like Martha McSally- ‚ÄúJust come up fast. Fast. Fast. Come on. Quick.‚Ä¶,negative
151,1321725884064292864,Thu Oct 29 08:09:41 +0000 2020,kekelberg,@trash_222 @AP collect your tears and sell them to patriots such as myself when trump wins again lmao,positive
152,1321725883493896193,Thu Oct 29 08:09:41 +0000 2020,PoliticalBee,RT @riotwomennn: @theRealCECGroup @ProjectLincoln If they think a chaotic fool like Trump has safe hands for their retirements - they aren'‚Ä¶,positive
153,1321725883040722944,Thu Oct 29 08:09:41 +0000 2020,ajayrochester,@ChrisCuomo when wearing a cuomosexual t shirt makes you a trump voter intimidation target! https://t.co/DHsiEyGWfL,negative
154,1321725882910838784,Thu Oct 29 08:09:41 +0000 2020,SnickOld,"RT @MilesTaylorUSA: Reminder to those who haven‚Äôt yet voted: Trump wanted us to explore gassing, electrifying, and shooting migrants at the‚Ä¶",positive
155,1321725882898223104,Thu Oct 29 08:09:41 +0000 2020,pecanpie,RT @SenWarren: Trump didn‚Äôt just turn the last 4 years into the world‚Äôs longest commercial for Trump hotels and resorts ‚Äì he made taxpayers‚Ä¶,positive
156,1321725882394906624,Thu Oct 29 08:09:41 +0000 2020,standardnews,Former Donald Trump administration official Miles Taylor reveals he wrote 'Anonymous' op-ed https://t.co/WP7a1ZMadu,negative
157,1321725882348830720,Thu Oct 29 08:09:41 +0000 2020,brucekwisanga,"RT @AC360: ""A Shakespearean tragedy unto itself,"" says Bob Woodward, of Jared Kushner recounting an Oval Office conversation in which he sa‚Ä¶",positive
158,1321725882336268289,Thu Oct 29 08:09:41 +0000 2020,mikecokere,"RT @KimStrassel: Now actual news organizations are censoring political speech. 

https://t.co/qbUxbglH2N",negative
159,1321725881841274880,Thu Oct 29 08:09:41 +0000 2020,shazdanz,"RT @Amy_Siskind: Germany and France entering partial lockdowns.

Russia mandating face masks.

Trump and Pence out doing campaign rallies,‚Ä¶",positive
160,1321725881212051456,Thu Oct 29 08:09:41 +0000 2020,kelly78964225,RT @UncleSnotty: Bruce Springsteen calls on the US to vote Donald Trump out of office in next week's presidential election https://t.co/J1C‚Ä¶,positive
161,1321725880780009480,Thu Oct 29 08:09:41 +0000 2020,KatherineWeesn3,Woodward Reveals Tape of Kushner Saying Trump Wanted States to Close ‚Äî But Wanted Credit for Reopening: ‚ÄòVery Smart‚Ä¶ https://t.co/uIoWuTwvY2,negative
162,1321725880369094656,Thu Oct 29 08:09:41 +0000 2020,bbqs3516,"RT @MeidasTouch: We need 3,000 retweets on this by 11 AM Thursday: we are only 24.8K followers away from hitting HALF A MILLION FOLLOWERS.‚Ä¶",negative
163,1321725879878299649,Thu Oct 29 08:09:40 +0000 2020,gtsfarley,RT @MarianneANYC: @ProjectLincoln Just a reminder that Trump fired the US pandemic response team in 2018. Keep re-posting until the election,positive
164,1321725879081295872,Thu Oct 29 08:09:40 +0000 2020,JamesCo57890315,"RT @kingsrush: John McCain spent 5 and a half years as a POW. He refused to go home without his fellow prisoners.

Trump couldn‚Äôt make it t‚Ä¶",negative
165,1321725877558878215,Thu Oct 29 08:09:40 +0000 2020,K617L,"RT @RWTrollPatrol: @TuckerCarlson As an Evangelical, Julie knows there are ""biblical grounds for giving people a second chance."" But after‚Ä¶",positive
166,1321725877487546369,Thu Oct 29 08:09:40 +0000 2020,KennethMcLachl4,@jacknicklaus @DonaldJTrumpJr Apart from being one of the very best golfers ever you have also got guts to stand up‚Ä¶ https://t.co/0IWQdrH8uk,positive
167,1321725876535496704,Thu Oct 29 08:09:40 +0000 2020,Agirlwithacat,"RT @KretzSioux: @kayleighmcenany @realDonaldTrump Um, those are government helicopters, so they are part of OUR team, the American taxpayer‚Ä¶",positive
168,1321725875855962112,Thu Oct 29 08:09:39 +0000 2020,PrinceAwLee,this trump supporter is arguing wit us saying he voted for trump but ‚Äúisn‚Äôt racist‚Äù and ‚Äúisn‚Äôt homophobic‚Äù LOL i‚Äôm‚Ä¶ https://t.co/vF2QvXbN6M,negative
169,1321725875805708288,Thu Oct 29 08:09:39 +0000 2020,AfrikaSocialist,"@BiancavanWyk16 @tshidi_lee After Musi left, that's when I fully realized they have adopted the republicans policie‚Ä¶ https://t.co/PXrA0L9385",negative
170,1321725875226779648,Thu Oct 29 08:09:39 +0000 2020,awakenedheart77,RT @JackPosobiec: Trump Phoenix 2016 and Trump Phoenix 2020 https://t.co/0gZvvEkq81,negative
171,1321725874564222977,Thu Oct 29 08:09:39 +0000 2020,RG_Team_Tokyo,"RT @Trinhnomics: According to polls, here is what the electoral map looks like:

*Biden solid 259 so he needs to flip 11 to win so polls sh‚Ä¶",positive
172,1321725874039853056,Thu Oct 29 08:09:39 +0000 2020,ChooseL55339407,"@SmithAwambu trump &amp; his followers are NOT REAL republicans, they are trumpicans &amp; WE REAL republicans want our country back! BYEDON",positive
173,1321725873326731265,Thu Oct 29 08:09:39 +0000 2020,BigAgenda100,"RT @JackPosobiec: The FBI says the Gov. Whitmer kidnap plotter also wanted to hang President Trump
https://t.co/mPaX6o1AN5",negative
174,1321725873326731264,Thu Oct 29 08:09:39 +0000 2020,theodykens,"@heartofgreys trump supporters: owen, april, ellis, erica hahn, koracik
biden supporters who think he &amp; kamala are‚Ä¶ https://t.co/J4AuTMrmCg",positive
175,1321725873150676992,Thu Oct 29 08:09:39 +0000 2020,PipkinDebbie,"RT @bryonworks: @gtconway3d Our Soul on Ballot

TOM NORMAN: ‚ÄúI take no joy in making this observation, but instead of being America the bea‚Ä¶",negative
176,1321725872915636224,Thu Oct 29 08:09:39 +0000 2020,TrishKnapp88,RT @RepsForBiden: @realDonaldTrump @nytimes @Google @CNN Who is Donald Trump?  https://t.co/opFrP9cyyX,negative
177,1321725872769028096,Thu Oct 29 08:09:39 +0000 2020,Dextutu,"@AlfredoPatlan4 @johnpurlia @jacknicklaus All they do is talk talk talk, no plan from @cnn bringing their fav docto‚Ä¶ https://t.co/am1Hlcaqcs",negative
178,1321725872315887616,Thu Oct 29 08:09:39 +0000 2020,EthanSVG,"RT @JoyAnnReid: Now especially notable that this ""anonymous"" op-ed made no mention among Trump's abrogations, of the morally depraved polic‚Ä¶",negative
179,1321725872261529601,Thu Oct 29 08:09:39 +0000 2020,DameLozza,"@RedJohnBounds Really torn on this. Bernie should have been the outstanding Dem nominee, but the DNC were having no‚Ä¶ https://t.co/NSNzJlG2zZ",positive
181,1321725871976308736,Thu Oct 29 08:09:39 +0000 2020,SweetnessnBubba,RT @SethAbramson: As good an ad about Trump as I've seen. I hope you'll retweet it. https://t.co/G5e5L0HyRu,positive
182,1321725871800156160,Thu Oct 29 08:09:38 +0000 2020,phonehawk11,RT @Eleven_Films: Trump says something to Justice Kennedy that shocks him. Something's up. (No sound) https://t.co/qSkTu9B092,negative
183,1321725871263277057,Thu Oct 29 08:09:38 +0000 2020,rhuadh56,RT @lewis_goodall: Nigel Farage (delivering a stump speech for Trump in Arizona): ‚Äúhe is the single most resilient and bravest person I‚Äôve‚Ä¶,negative
184,1321725870449418241,Thu Oct 29 08:09:38 +0000 2020,kalamahina,"RT @CREWcrew: It is extremely concerning that voter suppression efforts like this plot by Erik Prince, Roger Stone and Steve Bannon could b‚Ä¶",negative
185,1321725870172721152,Thu Oct 29 08:09:38 +0000 2020,joanne12987064,"RT @duty2warn: Trump, as he leaves Iowa, says that he may never have to come back there again if he doesn't win the state, and then adds fo‚Ä¶",positive
186,1321725870076272640,Thu Oct 29 08:09:38 +0000 2020,phylmurphy,"@jacknicklaus Nobody should have to learn to overlook Trump‚Äôs many, many faults and his disgusting behaviour. Nobody",negative
187,1321725869262471169,Thu Oct 29 08:09:38 +0000 2020,JoyOfDachshunds,"RT @nielslesniewski: Full Trump quote:

""We'll see what happens at the end of the day [on Election Day]. Hopefully it won't go longer than‚Ä¶",positive
188,1321725869098938368,Thu Oct 29 08:09:38 +0000 2020,whoowhootoot,"RT @SenWarren: Late last night, I spoke about why Trump and the @SenateGOP are willing to ram through an illegitimate Supreme Court nominat‚Ä¶",positive
189,1321725868805218304,Thu Oct 29 08:09:38 +0000 2020,Balgowallah,@lionheartleojai He obviously believes Americans can be cowed into voting for Trump,negative
190,1321725868121739265,Thu Oct 29 08:09:38 +0000 2020,SidPolitics,"@dpinsen @VDAREJamesK @Aslaklakaslak @VicJulianTwit I think Dubya got around 40% of the Hispanic vote in 2004, than‚Ä¶ https://t.co/xvK3BBS7MQ",positive
191,1321725867568078848,Thu Oct 29 08:09:37 +0000 2020,MyP_Chicago,"RT @bert_gilfoyle: @kylegriffin1 Why would Duetsche Bank forgive that much debt when they could seize his property?

Why did Russia put so‚Ä¶",negative
192,1321725867324698624,Thu Oct 29 08:09:37 +0000 2020,meleni_g,RT @RudyMarquezJr: This is a prime example of the ignorance and delusion embedded within Trump supporters. Once they realized she was talki‚Ä¶,negative
193,1321725866901147648,Thu Oct 29 08:09:37 +0000 2020,acaitaliasati,"RT @gulf_news: Weary #MiddleEast holds breath for #USElection e

#Trump re-election seen crucial for bridling Iran, pushing forward Arab-Is‚Ä¶",positive
194,1321725866691481600,Thu Oct 29 08:09:37 +0000 2020,JoeLaw73161631,"RT @AdamParkhomenko: Since Trump is broke, should we just assume that we‚Äôre paying for his campaign travel these days?",positive
196,1321725865433190400,Thu Oct 29 08:09:37 +0000 2020,ethomas3915,"RT @BrianKarem: Trump on the Tarmac in Iowa: ""I may never have to come back here again if I don't get Iowa,"" he said. ""I'll never be back.""‚Ä¶",positive
197,1321725865072431105,Thu Oct 29 08:09:37 +0000 2020,dots2b,"RT @therecount: CNN's @AlisynCamerota: ""Hospitals in WI are near capacity. Does that give you any pause about going there and holding a big‚Ä¶",negative
198,1321725864623570944,Thu Oct 29 08:09:37 +0000 2020,azrundevil,@LanaeL50 @GrymeJr @knight32_nate @newsbreakApp Business deals not the same as selling access and influencing US po‚Ä¶ https://t.co/KnGvPlaFxA,positive
201,1321725864569049088,Thu Oct 29 08:09:37 +0000 2020,benjamyth,"First day back in the office.  No community transmission where I live (QLD Australia), but discovered a work collea‚Ä¶ https://t.co/ok8FH7xb0y",positive
202,1321725864191557634,Thu Oct 29 08:09:37 +0000 2020,Dogbert_Catbert,RT @madmanbegins: @Michael_Yon Agree! At least many HKers opened their Twitter accounts just because of President Trump.,negative
203,1321725863516344320,Thu Oct 29 08:09:36 +0000 2020,BStBrussels,This #Election2020 is not only about #Trump vs. #Biden. A lot more is at stake. Our colleague @Tony_Silberfeld from‚Ä¶ https://t.co/PMbPuYilLr,positive
204,1321725863373664256,Thu Oct 29 08:09:36 +0000 2020,_greykat,"RT @funder: Trump‚Äôs negligence killed people.

Vote Biden.",negative
205,1321725862186643456,Thu Oct 29 08:09:36 +0000 2020,TheThirdEG,"President Dornald Trump...
https://t.co/fj1W20D0b8",negative
206,1321725860865474561,Thu Oct 29 08:09:36 +0000 2020,CeceinSwmn,RT @Helen504: So the governor and Biden will be killed by tRump for what reason. Now 60 minutes lady needs protection. Poor leslie. How man‚Ä¶,negative
207,1321725860664279041,Thu Oct 29 08:09:36 +0000 2020,OneilRoses,RT @itsJeffTiedrich: Trump abandons his supporters in the freezing cold and some of these metaphors just write themselves,negative
209,1321725859867160576,Thu Oct 29 08:09:36 +0000 2020,fvehafric,"RT @allinwithchris: Biden senior adviser Ron Klain says before Justice Brett Kavanaugh joined the Supreme Court, he ‚Äústood in court and arg‚Ä¶",positive
210,1321725859699527681,Thu Oct 29 08:09:36 +0000 2020,barbc9988,"RT @CREWcrew: It sure looks like Trump's company paid him for work he did while in the White House
https://t.co/gOSfP2tUoU",negative
211,1321725859611308032,Thu Oct 29 08:09:36 +0000 2020,BlueSkyDays17,RT @tribelaw: Justice Kennedy‚Äôs retirement in good health is looking curiouser and curiouser with every new Deutschebank revelation from th‚Ä¶,positive
212,1321725859326271488,Thu Oct 29 08:09:35 +0000 2020,suzie1angel,RT @MilesTaylorUSA: Donald Trump is a man without character. It‚Äôs why I wrote ‚ÄúA Warning‚Äù...and it‚Äôs why me &amp; my colleagues have spoken out‚Ä¶,negative
213,1321725858588086272,Thu Oct 29 08:09:35 +0000 2020,Rodney63909077,@realDonaldTrump FACT CHECK: THAT 28BILLION DOLLARS WASN'T FROM TARIFFS FROM CHINA IT WAS ACTUALLY AMERICAN TAXPAYE‚Ä¶ https://t.co/vA3gxB7fRm,negative
214,1321725858520944641,Thu Oct 29 08:09:35 +0000 2020,jorjoby,Here‚Äôs ‚Äúcoastal twitcher‚Äù Farage interfering in the lives of 331.5m people! And demonstrating the same DNA as Trump‚Ä¶ https://t.co/rT0O1nQ81e,positive
215,1321725857833037824,Thu Oct 29 08:09:35 +0000 2020,Shannon60212531,"RT @PeteButtigieg: Trump's rallies are a metaphor for how he views his own supporters. Happy to have them cheer for him, only to leave them‚Ä¶",positive
216,1321725857652596738,Thu Oct 29 08:09:35 +0000 2020,MsC00l,ü•¥ Donald Trump will be the last president https://t.co/ocVBjkBoY2,negative
217,1321725857577263104,Thu Oct 29 08:09:35 +0000 2020,fireworkbonnie,RT @MollyJongFast: Love to see trump abandoning Republican senators.,positive
218,1321725857497567232,Thu Oct 29 08:09:35 +0000 2020,am_juelz,RT @cchukudebelu: The only obstacle to Dr. Okonjo-Iweala heading the WTO is the Trump Administration. https://t.co/9saM3OBQGs,negative
219,1321725857468174336,Thu Oct 29 08:09:35 +0000 2020,farazjaved66,@rjimad @Karachi_Post Yet every single person I meet in Florida is a Trump supporter! even Latinos... #Election2020,negative
220,1321725857132507136,Thu Oct 29 08:09:35 +0000 2020,macnutman,"RT @JoeBiden: I believe in science.

Donald Trump doesn't.

It's that simple, folks.",positive
221,1321725855580758016,Thu Oct 29 08:09:35 +0000 2020,neduokoli,@cchukudebelu Trump cannot stand the move of God.,negative
222,1321725855463362560,Thu Oct 29 08:09:35 +0000 2020,leo_soul5,"RT @mmpadellan: BREAKING: Tucker Carlson's very important documents were found by trump's friend from Paris, Jim, who was on his way to del‚Ä¶",positive
223,1321725855387844608,Thu Oct 29 08:09:35 +0000 2020,homeryead,RT @homeryead: Suckers' that's what Trump would call you if you were waiting for Biden! 'FACT',negative
224,1321725854808899585,Thu Oct 29 08:09:34 +0000 2020,SofiadelCielo,@AKA_Legacy1 @TheDailyEdge @realDonaldTrump @Strandjunker Extortion. Trump threatened to reveal Kennedy's son's cri‚Ä¶ https://t.co/xiOtZS2FXP,negative
225,1321725853517123585,Thu Oct 29 08:09:34 +0000 2020,SholaMos1,"RT @SkyNews: ‚ÄúTrump is definitely spooked.‚Äù

Lawyer Dr Shola Mos-Shogbamimu says that Donald Trump is ‚Äúa desperate man‚Äù and is responding t‚Ä¶",positive
226,1321725853269520384,Thu Oct 29 08:09:34 +0000 2020,BabylonsBounty,RT @UnitedUtahParty: We applaud Senator Romney for being willing to stand up to President Trump's role in contributing to the heightened pa‚Ä¶,positive
227,1321725853160493056,Thu Oct 29 08:09:34 +0000 2020,milruby27,@thejtlewis ‚ÄúRobin Williams on -sexual predator Trump!! https://t.co/WlDm1QxOpP,negative
228,1321725852359430145,Thu Oct 29 08:09:34 +0000 2020,SChristy16,"RT @RobertR13921129: @SteveSchmidtSES @MarshaBlackburn @sundarpichai @coreydu @ProjectLincoln The Senator's behavior is an example of the ""‚Ä¶",negative
230,1321725852187533312,Thu Oct 29 08:09:34 +0000 2020,despitebrexituk,"RT @realDonaldTrump: Texas, Pennsylvania, Ohio, and others, please watch. His party, and Joe, will stop Fracking immediately. Millions of j‚Ä¶",positive
232,1321725849721282560,Thu Oct 29 08:09:33 +0000 2020,SergeElume,@FrankTheNinja97 Ok. What makes Trump a dumb president. I really want to know. And please come with facts,negative
233,1321725849029255170,Thu Oct 29 08:09:33 +0000 2020,researchdafacts,@VP44 WATCH &amp; SHARE REGARDLESS OF HOW U FEEL ABOUT #TRUMP. WATCH &amp; MAKE AN INFORMED DECISION WHEN #VOTING - https://t.co/aFqJauX0hE,positive
235,1321725847871516672,Thu Oct 29 08:09:33 +0000 2020,OceansFriend,"RT @abhijitmajumder: Facebook, Twitter CEOs struggle to name a single ‚Äòliberal‚Äô censored on their platforms. Behind the ‚Äòliberal‚Äô mask, Big‚Ä¶",positive
236,1321725847791808513,Thu Oct 29 08:09:33 +0000 2020,ajwhitty1,RT @Scaramucci: The ‚Äúsilent‚Äù voter is breaking for Biden not Trump.,positive
237,1321725847590625285,Thu Oct 29 08:09:33 +0000 2020,suzie1angel,"RT @AP: BREAKING: Miles Taylor, former Homeland Security chief of staff and outspoken Trump critic, says he wrote the 2018 ""Anonymous"" op-e‚Ä¶",negative
238,1321725847229898752,Thu Oct 29 08:09:33 +0000 2020,DesertStorm24ID,@patrici47462841 @davidbewart @YRN70 @ProjectLincoln The impeachment vote was enough for me. I knew it was 100% Tru‚Ä¶ https://t.co/SCEIDhGwpM,negative
239,1321725846487359488,Thu Oct 29 08:09:32 +0000 2020,angelakissesu,"RT @NBCNews: The Trump admin. has quietly rolled back Obama-era rules that regulate energy and water to appliances such as dishwashers, whi‚Ä¶",positive
240,1321725846483206144,Thu Oct 29 08:09:32 +0000 2020,Sanchez_MMA,@newsmax @kimKBaltimore @KristinBTate @JohnFBachman Throwing out the constitution? LMFAO that‚Äôs what Trump‚Äôs been d‚Ä¶ https://t.co/VpAkvchLiJ,negative
241,1321725846453915648,Thu Oct 29 08:09:32 +0000 2020,spectator,"Our leading article: A Trump defeat shouldn't be cause for celebration in Britain

https://t.co/TOalTykWyF",negative
242,1321725846076428288,Thu Oct 29 08:09:32 +0000 2020,FridgekidW,"RT @scrowder: It's anyone's game at this point, but I think Trump will win.",positive
244,1321725844780437505,Thu Oct 29 08:09:32 +0000 2020,Samsoprano30,"Election Guru Says Joe Biden ‚ÄòShould Be Home And Dry‚Äô
https://t.co/u1qINDvxus",positive
245,1321725844746870786,Thu Oct 29 08:09:32 +0000 2020,AlexSepulcris,"RT @ThePubliusUSA: The Trump campaign bused a thousand people to the Omaha rally. But transportation was not provided for afterwards, leavi‚Ä¶",negative
246,1321725844293885953,Thu Oct 29 08:09:32 +0000 2020,franz_mascher,"RT @JasonSCampbell: Eric Trump complains the Nobel Peace Prizes are ""rigged"" https://t.co/F6AuRkHs0O",negative
248,1321725843702345728,Thu Oct 29 08:09:32 +0000 2020,JustAGirl_007_,@JoeBiden My plan: voting in person 11/03 for Donald Trump.,negative
249,1321725843245309954,Thu Oct 29 08:09:32 +0000 2020,famous_klord,RT @jiggyjayy2: A reenactment of how Trump got elected in 2016:,positive
250,1321725842993590274,Thu Oct 29 08:09:32 +0000 2020,147Bagan,"RT @JohnJHarwood: new CNN national likely-voter poll:

white men w/no college degree
Trump 68%, Biden 30%

everyone else
Biden 60%, Trump 3‚Ä¶",positive
251,1321725842976841730,Thu Oct 29 08:09:32 +0000 2020,Mrjephthahokere,"@real_musgan @neulagos @vanguardngrnews That is the angle you're seeing,we are Not in Trump heart to know! anyway I‚Ä¶ https://t.co/djlk1AYcme",positive
252,1321725841399832576,Thu Oct 29 08:09:31 +0000 2020,SamanthaPepys,"RT @NarcAware: Here comes the REALLY shady bit. 
Robert Hannigan was the head of GCHQ - He was STEELE's Confidante.. 
Steele gave Hannigan‚Ä¶",positive
253,1321725841378861056,Thu Oct 29 08:09:31 +0000 2020,BallerGee_Ayo,@OkporEmeka The one wey pain me pass Na those church members wey follow their pastor do the Trump walk..,negative
254,1321725840955215872,Thu Oct 29 08:09:31 +0000 2020,CajunKilljoy,RT @ChuckWendig: did you check underneath Trump‚Äôs healthcare plan,positive
255,1321725839684390913,Thu Oct 29 08:09:31 +0000 2020,ricardo55457508,RT @ricardo55457508: @KamalaHarris #prettyrickywhattheycallme Trump must be loosing his mind. How the fuck the Corona Virus is gonna go awa‚Ä¶,positive
256,1321725838744846336,Thu Oct 29 08:09:31 +0000 2020,ComplaymentdO,Elsa Was Among Those Stranded In The Freezing Cold At At Trump's Omaha Rally https://t.co/FIQZCrmiEJ,negative
257,1321725837842944005,Thu Oct 29 08:09:30 +0000 2020,EthanSVG,"RT @JoyAnnReid: And the odious Stephen Miller isn't nearly done. If Trump is returned to office, he plans to make life an even greater Hell‚Ä¶",negative
258,1321725835716558850,Thu Oct 29 08:09:30 +0000 2020,ComplaymentdO,Elvis Costello Reads The Lyrics To The Perfect Song For A Trump Rally https://t.co/q88cAlYaoN,positive
259,1321725835552935936,Thu Oct 29 08:09:30 +0000 2020,Gulli2019,counter question: was Trump VP of the United States at that time like Joe? https://t.co/GmSCcM41zi,negative
260,1321725833938145280,Thu Oct 29 08:09:29 +0000 2020,imonicaroline,"RT @cchukudebelu: Dr. Akin Adesina survived everything the Trump Administration threw at him. Dr. Okonjo-Iweala has a tough fight, with the‚Ä¶",positive
261,1321725833686388738,Thu Oct 29 08:09:29 +0000 2020,hushbabyyy,"RT @elcompajc_: My thoughts on this.... I am a DACA recipient, I was born in Culiac√°n I came into this country at the age of 2 I am gratefu‚Ä¶",positive
263,1321725832897929216,Thu Oct 29 08:09:29 +0000 2020,SobolAnnette,"RT @WhiteHouse: For too long, the political class‚Äîincluding party leaders, lobbyists, think tanks, media, and more‚Äîignored the concerns of‚Ä¶",positive
264,1321725832889430017,Thu Oct 29 08:09:29 +0000 2020,Smog2014,"RT @thereidout: ""I think what Cohen has said ... is that he's a mobster, he acts like a mobster.""

-- Robert De Niro on Trump. #TheReidOut",negative
265,1321725832809701376,Thu Oct 29 08:09:29 +0000 2020,Sandrakicks1,@jimsciutto Wasn't she too busy getting more pictures for Trump?,positive
266,1321725832688119808,Thu Oct 29 08:09:29 +0000 2020,ElaineM90908876,The Murdochs‚Äô desperate final push to use Hunter Biden to reelect Donald Trump | Media Matters for America https://t.co/o4pTFi40tn,positive
267,1321725831907962880,Thu Oct 29 08:09:29 +0000 2020,macnutman,RT @chipfranklin: Who agrees Trump should be the first US president in history to be jailed immediately after leaving the Oval Office? ‚úã,positive
268,1321725830976983045,Thu Oct 29 08:09:29 +0000 2020,RedPillDetox,"RT @SoSerious_Ent: ü§¶üèæ‚Äç‚ôÇÔ∏èü§∑üèæ‚Äç‚ôÇÔ∏è welp I guess you can definitely get 3 things from a trump rally: Idiocy , COVID-19 and hypothermia.... #VoteT‚Ä¶",positive
270,1321725830486175745,Thu Oct 29 08:09:29 +0000 2020,Browtweaten,@zeahzoeyzeke @IceMozart @robbystarbuck @tfsellars @jacknicklaus It's the one the administration made after h1n1 ha‚Ä¶ https://t.co/Vp3F5QSO7b,negative
271,1321725830339330050,Thu Oct 29 08:09:29 +0000 2020,dano009,@UROCKlive1 @Rschooley @ProjectLincoln @MilesTaylorUSA @ejeancarroll Only Fox &amp; Trump brainwashed follows are distr‚Ä¶ https://t.co/YFSPJduiug,positive
273,1321725828259074048,Thu Oct 29 08:09:28 +0000 2020,paulr2514,@Life_Disrupted The audience don't know who he is. They're wondering why Toad of Toad Hall is able to stand up on h‚Ä¶ https://t.co/wtds702Bg2,negative
274,1321725827965427718,Thu Oct 29 08:09:28 +0000 2020,leeicewitz1,"RT @gordy_shanks: Americans are in DESPERATE need of COVID-19 relief.

BUT Senate Republicans are too busy rushing Trump‚Äôs Supreme Court no‚Ä¶",negative
275,1321725827927568385,Thu Oct 29 08:09:28 +0000 2020,PaulLoi3,@seanhannity For all the anti Trump haters if you don‚Äôt like him feel free to leave the country no one stopping you‚Ä¶ https://t.co/rkIn3w7BQe,negative
278,1321725827030097921,Thu Oct 29 08:09:28 +0000 2020,MrDavidCatt1,"@newsboy23 It‚Äôs ok , he‚Äôs out there making the best of his last days of notoriety. Trump goes , the investigations will start . He knows it",positive
279,1321725826954678272,Thu Oct 29 08:09:28 +0000 2020,hettyb70,RT @Sonnet_Lumiere: I doubt very much Farage is in the states to promote Trump. I think it is more likely that is a cover to hide the real‚Ä¶,negative
280,1321725826833022976,Thu Oct 29 08:09:28 +0000 2020,JenM5157,"Border Officials Turned Away Unaccompanied Immigrant Children More Than 13,000 Times Under Trump‚Äôs Pandemic Policy‚Ä¶ https://t.co/BMjGSrOhYw",negative
281,1321725826669445120,Thu Oct 29 08:09:28 +0000 2020,geedeck,"So, an... Apex Franchised dude I know was unmasked on fb as voting for trump. His defense was ""well thats not helpf‚Ä¶ https://t.co/vyo4GrQoWx",positive
283,1321725825209802753,Thu Oct 29 08:09:27 +0000 2020,BGramev68055257,"RT @atinydictator: Best Laugh of the Week! Only Trump would release something so desperate and ridiculous. 

Funnier than any SNL sketch! #‚Ä¶",negative
286,1321725823787950083,Thu Oct 29 08:09:27 +0000 2020,muchkarma09,"Not only do Trump and the GOP want to keep people from voting, they want to keep your votes from being counted. This is truly heinous.",positive
287,1321725823762665472,Thu Oct 29 08:09:27 +0000 2020,gaby_baby_53,"Who actually gives a fucc ? ü§£ Fucc D Trump, teaching nothing but ignorance, people do this shit all the damn time üòÇ‚Ä¶ https://t.co/BKt5qafhNM",negative
289,1321725822479335429,Thu Oct 29 08:09:27 +0000 2020,INeedaDamnDrink,"GET OUT AND VOTE, YOUR LIVES DEPEND ON IT!

If you don't vote then you're voting for tRump! #VoteHimOut2020‚Ä¶ https://t.co/D6GPWrnZl9",negative
290,1321725821342679041,Thu Oct 29 08:09:26 +0000 2020,imranmahmood777,Which is the biggest lie? Trump calling Farage one of the most powerful men in Europe or Farage calling Trump the b‚Ä¶ https://t.co/3neOjPelZo,positive
292,1321725820851810304,Thu Oct 29 08:09:26 +0000 2020,DanTheDodgerFan,"RT @SethAbramson: Trump's teetering Kremlin-disinformation house of cards has finally come tumbling down.

All that's left is Tucker sadly‚Ä¶",negative
293,1321725820730298368,Thu Oct 29 08:09:26 +0000 2020,jmarkc2,"RT @CindyKendrick11: Nancy Pig-losi says she's going to retire it Trump wins reelection...

Bye bitch!!üñïüñê",positive
294,1321725820457652226,Thu Oct 29 08:09:26 +0000 2020,tom_turnbo,Trump crimes gona b FED FELONY CHARGES when booted frm WH!!üòÖüòÑüòÉüòÇüòÇüòÅ Bet escort wife goes bak to familiar grnds n russia when vladdoni go2jail!,positive
296,1321725820063211520,Thu Oct 29 08:09:26 +0000 2020,CorruptNSW,RT @Libertea2012: ‚ÄòI regret voting for him': Ohioans hit by GM plant closure reflect on Trump https://t.co/DB3BliNfXL,negative
297,1321725819635396608,Thu Oct 29 08:09:26 +0000 2020,rxmhm,"RT @RVAT2020: Most Down to Earth: Nancy from SC!

""I'm 82 years old and I've been a lifelong Republican ‚Äì this year, I'm voting for Joe.""‚Ä¶",positive
298,1321725819589283840,Thu Oct 29 08:09:26 +0000 2020,DemonBob_Badman,"RT @ALT_uscis: Philadelphia DA to trump:  ""Keep your Proud Boys, goon squads, and uncertified ‚Äòpoll watchers‚Äô out of our city, Mr. Presiden‚Ä¶",positive
299,1321725819547471872,Thu Oct 29 08:09:26 +0000 2020,BreezyGuitar,They might as well shake hands with anti maskers and Trump supporters. This is what I mean when I say younger peopl‚Ä¶ https://t.co/GtIAtdpRec,negative
300,1321725819526545408,Thu Oct 29 08:09:26 +0000 2020,Storspiken,RT @PamelaGeller: President Trump ready to help Philly police after 30 officers injured in riots: White House: The law and order President!‚Ä¶,negative
301,1321725819492855808,Thu Oct 29 08:09:26 +0000 2020,yosua_rivaldo,"RT @ddiamond: From 2019 - after JACK NICKLAUS lobbied Trump on the golf course, Trump steered $20M toward the sports legend‚Äôs hospital proj‚Ä¶",positive
302,1321725819216015360,Thu Oct 29 08:09:26 +0000 2020,sherry_kerdman,@COsweda Much to the chagrin of the left and never trump idiots. Which is why they despise our @POTUS. ALL THE PERK‚Ä¶ https://t.co/UtwE9pUozy,negative
304,1321725818591158274,Thu Oct 29 08:09:26 +0000 2020,Lawlatu,@ElijahZhen @Whitemoon7 @Reuters You think Trump is killing you? I think you need a therapist.,positive
306,1321725816955437056,Thu Oct 29 08:09:25 +0000 2020,psufan68,@theskeptologist @YoHolz @MyQueenRedVenus I followed you.  God bless Pres. Trump.,negative
307,1321725816762413056,Thu Oct 29 08:09:25 +0000 2020,Mhid_jay,All Biden does is criticize trump tbvh,negative
310,1321725814468214785,Thu Oct 29 08:09:25 +0000 2020,DjWatkinss,RT @CindyProUSA: #VoteRedToKeepArizonaGreat Don‚Äôt take our good fortune for granted! Trump is the reason businesses are thriving. Democrats‚Ä¶,negative
312,1321725814157709314,Thu Oct 29 08:09:25 +0000 2020,camcavers,@timw The upside is you get a little extra time to get that Trump effigy stuffed,positive
314,1321725813268475915,Thu Oct 29 08:09:25 +0000 2020,Pricd05,Behenchod i was worried ki Christian Wildermuth gaye par ye to seedha trump card nikaala hai https://t.co/yiHihT8fpt,negative
315,1321725813021093888,Thu Oct 29 08:09:24 +0000 2020,hotchiefaction,"RT @SethAbramson: The president is a sick, sick man. There's something deeply wrong with him. Today at a rally in Arizona he made up a *fan‚Ä¶",positive
316,1321725812219891716,Thu Oct 29 08:09:24 +0000 2020,DRechts,RT @clairecmc: The weird thing is Trump thinks this contrast helps him with persuadable voters. It doesn‚Äôt. One is a speech that was honest‚Ä¶,positive
318,1321725811733467136,Thu Oct 29 08:09:24 +0000 2020,MichelLaMonica5,"RT @MrReaganUSA: Never forget, Trump was impeached by the democrats because he looked into Joe Biden's corruption.",negative
319,1321725810039050240,Thu Oct 29 08:09:24 +0000 2020,AlamoOnTheRise,"RT @AlamoOnTheRise: Trump: Day 1,377 (THREAD)
-9,118,547 Cases of COVID-19 in US
-US CV19 Death Toll Rises to 233,122
-Taking Country ""Back‚Ä¶",positive
320,1321725809690730496,Thu Oct 29 08:09:24 +0000 2020,ViolaSkyefanfic,@improbasleeprn GIRL I- are you gonna comment on the Biden x Trump smut?,positive
321,1321725809527238658,Thu Oct 29 08:09:24 +0000 2020,Len29454358,RT @askboomer1949: Those who believe that Trump is not responsible for the stranding of his rally participants in the cold Nebraska night p‚Ä¶,negative
322,1321725809342746625,Thu Oct 29 08:09:24 +0000 2020,rezzhead,"RT @Stornoway_Cove: Trump Factoid:

Trump has a very SMALL vocabulary

In response to Trump‚Äôs claim to be a genius, the last 15 US Presiden‚Ä¶",positive
323,1321725809317437440,Thu Oct 29 08:09:24 +0000 2020,stephenjleblanc,"@Marmel @flightbomb BTW, it was certainly one of his idiot unqualified clerks...who is likely a Trump drone.",positive
324,1321725808524840960,Thu Oct 29 08:09:23 +0000 2020,frubanoid,"RT @ShannyGasm: Sure sex is great, but have you ever voted trump out of office?",positive
325,1321725808076095488,Thu Oct 29 08:09:23 +0000 2020,NormaJean1968,RT @bryanbehar: Anyone see Trump thoroughly humiliate Martha McSally? Odd way of wooing Arizona suburban women. Or any women. Or anyone.,positive
326,1321725807711059968,Thu Oct 29 08:09:23 +0000 2020,MORNINGSTARdj,LOLLLLL trump bussing his inbreds 3 in freezing cold w/ no way back to their cars after he flies off in his jet is‚Ä¶ https://t.co/cPq2IFEJmd,positive
327,1321725807480352768,Thu Oct 29 08:09:23 +0000 2020,DeniseCarlisle,RT @robbystarbuck: @brwr @imatriarch @realDonaldTrump Actually Trump banned Epstein from Mar-A-Lago for harassing a young girl and here‚Äôs v‚Ä¶,negative
328,1321725807115542528,Thu Oct 29 08:09:23 +0000 2020,coyle911,@organicsi @shoshanade @DanielWBmouth @BorisJohnson Thanksgiving for Donald Trump and his four years of mayhem.,positive
329,1321725806410932224,Thu Oct 29 08:09:23 +0000 2020,Women4Her,RT @Salon: Former Supreme Court justice‚Äôs son helped Trump get Deutsche Bank loans: report https://t.co/C2q4OvvA0g,negative
330,1321725806150885377,Thu Oct 29 08:09:23 +0000 2020,gralton,"@studeamusque @EconomyRadio @realDonaldTrump I‚Äôll be waiting and will eat my words if I‚Äôm wrong, unlike narcissisti‚Ä¶ https://t.co/r7jB2dOukz",negative
331,1321725806083715072,Thu Oct 29 08:09:23 +0000 2020,Okcsob1,"Funny, if Trump can come up with all these Promises of what he‚Äôll do, if Re-elected, why hasn‚Äôt he already done the‚Ä¶ https://t.co/1prCROs9Fl",negative
332,1321725806050115585,Thu Oct 29 08:09:23 +0000 2020,mebartra,"RT @SteveKerr: If Trump applied for a job with any company in the US, HR would deny his hiring. 26 sexual assault allegations, 6 bankruptci‚Ä¶",positive
333,1321725806020874240,Thu Oct 29 08:09:23 +0000 2020,husseyblizzard2,Looks like Donald Trump‚Äôs campaign people really are just feeding him lies about how well he‚Äôs doing‚Ä¶ https://t.co/UfsEe5UJF2,negative
334,1321725805404262402,Thu Oct 29 08:09:23 +0000 2020,MillePharris,RT @BillOReilly: My take is Mr. Trump is showing strength in the final week. Mr. Biden is not.,positive
335,1321725805391536128,Thu Oct 29 08:09:23 +0000 2020,horace0916,WATCH: Supercut of proof of Donald Trump‚Äôs long-held racism https://t.co/4PdqEg5k5o #SmartNews,positive
336,1321725804297027586,Thu Oct 29 08:09:22 +0000 2020,lax_2002,RT @ElveroW: ü¶á üéÉ ü¶á üéÉ ü¶á üéÉ ü¶á üéÉ The eagle ü¶Ö has already spoken Trump and you will be doomed ... so get the hell üî•ready to get your rubbish out‚Ä¶,negative
337,1321725804229767168,Thu Oct 29 08:09:22 +0000 2020,Even_keeled2020,America never ends an event without fireworks. Is Trump gonna start a war or get California nuked?,positive
338,1321725803785314309,Thu Oct 29 08:09:22 +0000 2020,ckelwell,@TuckerCarlson What are you going to do when Trump loses?,negative
340,1321725803261054979,Thu Oct 29 08:09:22 +0000 2020,FascinationCrea,"RT @FascinationCrea: President Trump/VP Biden,
In order to torpedo Bush Coup attempt thru his nominees @ SCOTUS, declare rotating Presidenc‚Ä¶",negative
341,1321725802480758784,Thu Oct 29 08:09:22 +0000 2020,cogitounboxed,@connorstonehere @dijames1145 I want to paying that tax. I knew a guy who threw himself on a grenade. He didn‚Äôt thi‚Ä¶ https://t.co/acuLqgk8n4,negative
342,1321725802359234560,Thu Oct 29 08:09:22 +0000 2020,Snozz_Wanger,@WickedWalnut Mic check: Is Trump still alive???,positive
343,1321725802308927488,Thu Oct 29 08:09:22 +0000 2020,JohnRya95081680,"RT @jefftimmer: Fun Fact: Eric Trump is an idiot. Also, he stole millions from a kids‚Äô cancer charity.",positive
344,1321725801700708353,Thu Oct 29 08:09:22 +0000 2020,Toxic_Paramite,Don't know who this Trump guy is but maybe our president can do something about him.,negative
346,1321725801486639106,Thu Oct 29 08:09:22 +0000 2020,Andrea_Alcarazz,"RT @donwinslow: NEW VIDEO! #PleaseSaveTheseChildren  

If you don't have a bright line for crimes against children you don't have a line.‚Ä¶",negative
347,1321725801478447105,Thu Oct 29 08:09:22 +0000 2020,mommydog67,"RT @dandrezner: Not the coronavirus, not the social unrest, not the economy, not the election, no, the number one issue is Eric Trump‚Äôs soc‚Ä¶",positive
348,1321725801017081856,Thu Oct 29 08:09:22 +0000 2020,NeverTr65001046,"@realDonaldTrump
This is NOT an OPTION but REQUIRED and NECCESSARY...

This strategy has already been proven to wor‚Ä¶ https://t.co/sNmJRjA5x9",negative
350,1321725799649693696,Thu Oct 29 08:09:21 +0000 2020,Fcb_1313,"@Engr_Salwa Who's running the üåçWorld?

Trump, Putin and Xi were arguing on Who s in charge of the world?... 

US, R‚Ä¶ https://t.co/J7eTGsJ0Co",positive
351,1321725799217549312,Thu Oct 29 08:09:21 +0000 2020,EthanSVG,RT @Rschooley: The Trump campaign is really hitting their Orwellian target. https://t.co/lxZJz1BW5P,negative
352,1321725799138004992,Thu Oct 29 08:09:21 +0000 2020,Ladynighthawk1,"RT @ddale8: ""You take a look at Michigan, where she has everybody locked down,"" Trump told a rally crowd this evening in Arizona though tha‚Ä¶",positive
353,1321725798412419073,Thu Oct 29 08:09:21 +0000 2020,JasonLaday,"RT @IwriteOK: it is nice to know that at least one elected Democrat knows we are still careening towards the abyss, even if Trump loses htt‚Ä¶",positive
354,1321725798257078272,Thu Oct 29 08:09:21 +0000 2020,Greengr18701468,"RT @BidenWarRoom: We disagree with Tucker Carlson on the issues, but no one should ever lose their mail. Joe will make sure the USPS receiv‚Ä¶",positive
355,1321725798013931520,Thu Oct 29 08:09:21 +0000 2020,FrankSowa1,"RT @FrankSowa1: Yes. As was the money from Israel, Turkey, UAE, Saudi Arabia &amp; others in the last days of the Hillary-Trump 2016 election.‚Ä¶",positive
356,1321725796168441858,Thu Oct 29 08:09:20 +0000 2020,littlears9211,"RT @stillgray: Folks, if you voted for Biden and changed your mind, it‚Äôs not too late to change your vote to Trump.",positive
357,1321725796051001345,Thu Oct 29 08:09:20 +0000 2020,born2runss,"RT @briantylercohen: Two weeks ago, Joe Biden spent hours after the cameras were off talking to voters at his town hall. Last night, Trump‚Ä¶",negative
358,1321725795987984384,Thu Oct 29 08:09:20 +0000 2020,penski23,RT @penski23: Sucking trump! What a disgrace for Moscow mcsally!,negative
359,1321725795014832129,Thu Oct 29 08:09:20 +0000 2020,evanmilner,@BafienMorin @RitaPanahi Why don't you ask Trump to enlighten him?,negative
360,1321725794968809473,Thu Oct 29 08:09:20 +0000 2020,Jhansigir1,"RT @JournalistJG: @tribelaw I concur 100%.

Have you seen that video of Trump's parting conversation with Kennedy? 

I look forward to it a‚Ä¶",negative
362,1321725794549288960,Thu Oct 29 08:09:20 +0000 2020,AyahsHope,"He needs to go: Trump to gut protections in Alaska‚Äôs Tongass forest, the ‚Äòlungs of the country‚Äô | Public lands | Th‚Ä¶ https://t.co/8Zh5XhtWHF",negative
363,1321725794360659968,Thu Oct 29 08:09:20 +0000 2020,IdoLiven,"""In these four years Trump has been an excellent caganer, I mean excellent in terms of sales"" https://t.co/Dw3vQZwbml",positive
364,1321725793932734466,Thu Oct 29 08:09:20 +0000 2020,cloudintraday,"He is the 'bravest person I know': @Nigel_Farage  bats for Trump
 https://t.co/Brb6a6MG9D",negative
366,1321725792754274310,Thu Oct 29 08:09:20 +0000 2020,MsDebate,"RT @blackwomenviews: For the record: Black people who don't vote, you are letting  Trump supporting ‚ö™ men with no college degree #vote for‚Ä¶",negative
367,1321725792531996673,Thu Oct 29 08:09:20 +0000 2020,madogs93,@LegionTiamat Ivanka Trump nor her husband were Vice President of the United States and broke no laws. They are als‚Ä¶ https://t.co/JB52Z3UNhf,negative
368,1321725790644539393,Thu Oct 29 08:09:19 +0000 2020,BsideRare,"RT @jimmy_dore: FYI: The biggest Trump Enablers are Nancy Pelosi Chuck Schumer &amp; the democrats who literally chose him to run against, had‚Ä¶",negative
369,1321725790317326336,Thu Oct 29 08:09:19 +0000 2020,candies2639,"Lawyers Say Trump, GOP Is Staging a 'Slow Motion' Coup | Law &amp; Crime https://t.co/alT55rwVDg",negative
370,1321725790036365312,Thu Oct 29 08:09:19 +0000 2020,kaheina3009,@Adios_yuckTeeth Piers still applauding trump after he last call to trump and even congratulate Amy Barrett for his nomination...the nerve!,negative
372,1321725787473612800,Thu Oct 29 08:09:18 +0000 2020,juanmuriangoski,@CNNAfrica Aren't you Dems also blocking Trump's poll watchers in some states? #FakeNewsCNN,positive
373,1321725786995437568,Thu Oct 29 08:09:18 +0000 2020,J_Angel_482,RT @ddale8: Kind of amazing: the Trump campaign is attacking Biden by deceptively snipping a video of Biden quoting Pope Francis...specific‚Ä¶,positive
375,1321725786211188738,Thu Oct 29 08:09:18 +0000 2020,haylostachoo,RT @EvanAKilgore: @realannapaulina @realDonaldTrump TRUMP RT üôèüèΩüî•ü•≥,negative
376,1321725785577676800,Thu Oct 29 08:09:18 +0000 2020,BadHombrette,"RT @KIR_bigg50: Bruh, I‚Äôm telling you RIGHT now..
Us on the Right can accept a Trump loss. We tried, it didn‚Äôt work, we move on..,
But Bide‚Ä¶",negative
378,1321725783954567168,Thu Oct 29 08:09:18 +0000 2020,silvrmillennium,wait where is their trump steak and raw milk https://t.co/szG3tPpFCt,negative
379,1321725783799463936,Thu Oct 29 08:09:17 +0000 2020,PrettyInBri,Please don‚Äôt let Trump win. Please don‚Äôt let Trump win. YallstupidashellifyallletTrumpwin. Please don‚Äôt let Trump w‚Ä¶ https://t.co/NLY9jVBrVC,negative
381,1321725783459598338,Thu Oct 29 08:09:17 +0000 2020,Carnie741,"@DanielFerland8 @realDonaldTrump I call your bluff. It's the other way around and all the searches for ""Hunter/Joe‚Ä¶ https://t.co/NsCD2bFfRs",negative
382,1321725782738182145,Thu Oct 29 08:09:17 +0000 2020,uncagedgypsy,"RT @mckaycoppins: So, here's Mike Lee comparing Donald Trump to Captain Moroni (a hero in the Book of Mormon) and then modifying a verse of‚Ä¶",negative
384,1321725782088126465,Thu Oct 29 08:09:17 +0000 2020,James_Thorburn,"RT @BeNosey: OMG @Nigel_Farage we love you!

Best picture ever! 

#Trump #Trump2020 https://t.co/spinNxJXSy",positive
385,1321725782071353344,Thu Oct 29 08:09:17 +0000 2020,maryanne_rose,RT @Scaramucci: When you hear Wisconsin -17 for Trump don‚Äôt believe the nonsense that they are spewing. He is down in MI and PA. Down huge.‚Ä¶,negative
387,1321725781500960769,Thu Oct 29 08:09:17 +0000 2020,jeanneValenti19,"@ChrisCuomo Worse. Trump has no answer.
Roll on the day of retribution for the orange man.",negative
388,1321725781320462337,Thu Oct 29 08:09:17 +0000 2020,irma5913,RT @irma5913: Trump says fuggetabout pandemic. In Montana he‚Äôs so far ahead we ‚Äúshouldn‚Äôt even have the election‚Äù https://t.co/wL933CflGj v‚Ä¶,negative
389,1321725780158722048,Thu Oct 29 08:09:17 +0000 2020,CharleneMGiles,RT @funder: BREAKING: Trump left thousands of his supporters stranded in Omaha in the freezing cold last night. Some were taken to the hosp‚Ä¶,negative
390,1321725779756126208,Thu Oct 29 08:09:17 +0000 2020,crambrose,RT @MitchBenn: This is brilliant except of course there‚Äôs no way Trump would let a woman speak uninterrupted for a minute and a half...,negative
391,1321725779617718273,Thu Oct 29 08:09:16 +0000 2020,pecanpie,RT @SenWarren: Trump stooge Michael Pack is eliminating the legally required editorial independence of US-funded news outlets abroad so the‚Ä¶,positive
392,1321725779361845248,Thu Oct 29 08:09:16 +0000 2020,hokiebrat,RT @MikeBloomberg: It's either 4 more years of Trump's failed leadership - worsening the economy &amp; the pandemic - or a fresh start with @Jo‚Ä¶,negative
394,1321725779177316352,Thu Oct 29 08:09:16 +0000 2020,WilliamMcGowa15,"RT @HugoKijne: Jack Nicklaus is a very rich guy who only cares about money and golf, just like Trump.  He was a great golfer but he shows h‚Ä¶",positive
395,1321725779051425793,Thu Oct 29 08:09:16 +0000 2020,BadBoneshaker,RT @WindsorMann: Trump loves crowds and hates the people in them.,negative
396,1321725777981939713,Thu Oct 29 08:09:16 +0000 2020,fireworkbonnie,"RT @Costavolcano: @CNNPolitics ‚ùåGOP / TRUMP WANT A #Covid_19 CRISIS
So That YOU Will PAY $1,000+ Per VACCINE:

üìàDo Nothing as a Country
üò∑An‚Ä¶",negative
397,1321725777944215553,Thu Oct 29 08:09:16 +0000 2020,daisyduck1954,RT @notstoppingat: @InvestigateDom @FarnleyJube Could be a great day if Trump gets booted out and Cummings loses too.,positive
398,1321725777734443008,Thu Oct 29 08:09:16 +0000 2020,Wise_old_Dan,"RT @jameshohmann: Huge blow for the environment: Trump is exempting Alaska's ENTIRE Tongass National Forest from the roadless rule, making‚Ä¶",negative
399,1321725777373810690,Thu Oct 29 08:09:16 +0000 2020,penguinoftech,"RT @AmberD1116: Coming to a city near you, courtesy of the Trump regime.",positive
400,1321725776643923973,Thu Oct 29 08:09:16 +0000 2020,GoldCaro,"RT @Otto_English: Nigel Farage has spent 4 years worshipping at the shrine of Donald Trump. He's sucked up to him, flown across the Atlanti‚Ä¶",negative
401,1321725776278953985,Thu Oct 29 08:09:16 +0000 2020,ZUTS_You_Know,"RT @BoSnerdley: Dear Patriots

Please do not let the flood of MSM stories predicting Biden  victory - or their endless polls predicting the‚Ä¶",negative
402,1321725776115322880,Thu Oct 29 08:09:16 +0000 2020,dogeson_of_doge,"@DavidRS369 @jcbonthedl Yes, I do think it‚Äôs just a mean thing. Notice that when the looting started the shooting d‚Ä¶ https://t.co/ovMfAx6gAv",negative
404,1321725775255605249,Thu Oct 29 08:09:15 +0000 2020,LatAmFr,RT @ErikWemple: A CNN spox just told me that Miles Taylor will remain a contributor despite lying to Anderson Cooper. CNN cannot have it bo‚Ä¶,negative
406,1321725775134031874,Thu Oct 29 08:09:15 +0000 2020,Dragonwitch,Trump's delusional https://t.co/5v25aBT9oI,negative
407,1321725774567772164,Thu Oct 29 08:09:15 +0000 2020,GoBlueBB,@niall81xmg @Wolseley10 @Marpen1980 @BadwithW @kcfan007 @_MoonLighter @TuckerCarlson @realDonaldTrump Trump undid O‚Ä¶ https://t.co/wVwfHz761d,negative
409,1321725774005784576,Thu Oct 29 08:09:15 +0000 2020,ultratapww,"RT @MeidasTouch: üì∫ NEW VIDEO

All Trump has is fear and lies. The Democratic Candidates for Senate are some of the most accomplished people‚Ä¶",positive
410,1321725773452058624,Thu Oct 29 08:09:15 +0000 2020,1Mason4,@JoeBiden Non-stop lies from the worst president in US history a man that is guilty for the deaths of hundreds of t‚Ä¶ https://t.co/kJ2uj0w3Nm,negative
411,1321725772566990848,Thu Oct 29 08:09:15 +0000 2020,dadbod_dialogue,"RT @ByronYork: Important to note that Miles Taylor was not DHS chief of staff on September 5, 2018, when he published 'Anonymous' op-ed in‚Ä¶",negative
412,1321725772499963906,Thu Oct 29 08:09:15 +0000 2020,aparadox12,"@thekjohnston Even more crazy, I can't believe there are people stupid enough to believe this

They are called Trum‚Ä¶ https://t.co/qqGMryu6NT",negative
413,1321725772386635777,Thu Oct 29 08:09:15 +0000 2020,smcenturff,"RT @tiffany_wortman: Done! 
@ReallyAmerican1 is working hard to restore decency to the White House by exposing Trump for who he is! We need‚Ä¶",negative
414,1321725772177002498,Thu Oct 29 08:09:15 +0000 2020,k_loeb,@NYinLA2121 Trump said his health care plan and taxes were in the same envelope,negative
416,1321725770931216384,Thu Oct 29 08:09:14 +0000 2020,MsEllCee,RT @SykesCharlie: U.S. national security may be jeopardized if FBI Director Christopher Wray is abruptly removed after the presidential ele‚Ä¶,positive
417,1321725770075693056,Thu Oct 29 08:09:14 +0000 2020,tcl71tx,@GregSManess @RVAwonk We the People will channel our frustrations into political power on #November3rd. The America‚Ä¶ https://t.co/eDxJCJ1J6N,positive
418,1321725769211674625,Thu Oct 29 08:09:14 +0000 2020,sirnose66,"RT @gregolear: What's this? The felon Roger Stone &amp; Farage, out to dinner in August of 2016?

Brexit and Trump: same op, different country.",positive
420,1321725768553144321,Thu Oct 29 08:09:14 +0000 2020,AlfrShep,https://t.co/oLBbemVnoD via @YahooNews Another BlackMan Fatality Shot By Police 30 Police Officers Hurt Here In Dem‚Ä¶ https://t.co/yWUp0kBYKQ,negative
422,1321725767076749312,Thu Oct 29 08:09:14 +0000 2020,DBossIsBack2,"@harrisonjaime @ve10ve @LindseyGrahamSC &amp; SPINELESS Repugnants have ALLOWED Trump to STRIP their party's INTEGRITY,‚Ä¶ https://t.co/aLlD9OJQSI",negative
424,1321725766514712576,Thu Oct 29 08:09:13 +0000 2020,FrankSowa1,"Yes. As was the money from Israel, Turkey, UAE, Saudi Arabia &amp; others in the last days of the Hillary-Trump 2016 el‚Ä¶ https://t.co/Tyrjm4nG8W",negative
425,1321725766363656192,Thu Oct 29 08:09:13 +0000 2020,upchuck66,RT @kelly2277: üî• PROJECTION üî•‚Å¶@realDonaldTrump‚Å© paints an apocalyptic vision of life in US under Biden... it‚Äôs actually #TrumpsAmerica. htt‚Ä¶,positive
427,1321725764924968961,Thu Oct 29 08:09:13 +0000 2020,droolbuckets13,"RT @charliekirk11: It's disgraceful to watch the media praise Miles Taylor, the ""Anonymous"" whistleblower with no real insight into the Tru‚Ä¶",positive
428,1321725764207869952,Thu Oct 29 08:09:13 +0000 2020,StefMayoPghOhio,"RT @LungMD01: The covid-19 crisis has revealed Trump as he is. His leadership skills are nonexistent. He is not talented, effective or even‚Ä¶",positive
430,1321725763767316480,Thu Oct 29 08:09:13 +0000 2020,Anericangirl2,"RT @BillKristol: I have no sympathy for Martha McSally--but Trump really is, to use the technical term, a sexist pig.",negative
431,1321725763335409665,Thu Oct 29 08:09:13 +0000 2020,mythmoorxype,@davenewworld_2 Again guarantee those kids yelled at him for wearing a trump shirt and or not wearing his mask. He‚Ä¶ https://t.co/iSAUf6ctYp,negative
432,1321725763054424069,Thu Oct 29 08:09:13 +0000 2020,JeffmChicago,"RT @TheDailyEdge: Maddow on on-time mail percentages in key battlegrounds:

Philadelphia: 43%
Detroit: 53%
Northern Ohio: 56%
South Florida‚Ä¶",positive
434,1321725762966331392,Thu Oct 29 08:09:13 +0000 2020,chip_trenckmann,"RT @admirim: Trump just said ""Kosovo, Serbia, they were killing each other for many, many years, for decades and decades, they were killing‚Ä¶",negative
436,1321725761728913408,Thu Oct 29 08:09:12 +0000 2020,penski23,Sucking trump! What a disgrace for Moscow mcsally! https://t.co/lgfWn5uInp,negative
439,1321725759388528640,Thu Oct 29 08:09:12 +0000 2020,JaniceNightowl,RT @funder: The day Trump leaves office will be one of the most celebrated in human history. #MVPHarris,positive
440,1321725758910341120,Thu Oct 29 08:09:12 +0000 2020,Samsra4Life,RT @KamVTV: This is the Trump truck trolling the Biden bus all over North Texas. https://t.co/r0IK2A2auB,negative
441,1321725758365204480,Thu Oct 29 08:09:11 +0000 2020,Greedy_Too,"RT @smartdissent: #SmartDissent is a database of 800+ actions by Trump &amp; @GOP sorted by topic. We have pages on Education, Healthcare, Immi‚Ä¶",positive
443,1321725757564030977,Thu Oct 29 08:09:11 +0000 2020,IndivCincy,Can Trump bully the media into calling a winner on Election Night? - PRESS RUN https://t.co/79pgHjKaW1,negative
446,1321725756586692609,Thu Oct 29 08:09:11 +0000 2020,targetestimati3,"@WSJ with trump becoming closer to win  and the anti-trust sue break up or gov't take over 
 , think what we seeing‚Ä¶ https://t.co/s2Whxtti5M",positive
447,1321725755978665984,Thu Oct 29 08:09:11 +0000 2020,Seuntots,"RT @iykimo: ""Trump doesn't like Nigerians""

Obama, Hillary, Kerry, Biden and other Democrats loved Nigerians so much that they sat down wit‚Ä¶",positive
448,1321725755760369664,Thu Oct 29 08:09:11 +0000 2020,MMerajKKhan,"RT @cnnbrk: CNN has the name in a major mystery of Trump's term -- who wrote 2018's ""Anonymous"" op-ed. Trump said the words were treasonous‚Ä¶",negative
449,1321725755051618305,Thu Oct 29 08:09:11 +0000 2020,AttainaceousZ,"@SeagulStopItNow Bro Trump has bank accounts in China, Russia, and god knows how many other countries.  He has made‚Ä¶ https://t.co/WjFbxzNTfX",negative
450,1321725754779045888,Thu Oct 29 08:09:11 +0000 2020,CharlieDinkin,"RT @sarahoconnor_: Shame on me, given my job, but only since the pandemic have I really started to understand how threadbare the UK's safet‚Ä¶",negative
451,1321725754237984771,Thu Oct 29 08:09:10 +0000 2020,NormaJean1968,"RT @BetteMidler: Last night, the Trump campaign took off in their helicopter while stranding thousands of #Omaha rally attendees outdoors i‚Ä¶",positive
452,1321725753684303873,Thu Oct 29 08:09:10 +0000 2020,nelson_727,RT @MotherJones: The US government has paid Trump's businesses at least $2.5 million‚Äîincluding $3 for water https://t.co/hpUWWmH8eG,negative
453,1321725753579335680,Thu Oct 29 08:09:10 +0000 2020,KoparaFallsKid,"RT @NoahShachtman: Every time I see Eric on this website, I'm reminded of the fact that he raised money for sick children ‚Äî and gave nearly‚Ä¶",negative
454,1321725752690266112,Thu Oct 29 08:09:10 +0000 2020,JudyLam40551372,"RT @Jim_Jordan: Twitter 2012: 

We‚Äôre the ‚Äúfree speech wing of the free speech party.‚Äù

Twitter 2020:

-Censors President Trump.
-Moderates‚Ä¶",negative
455,1321725752224686080,Thu Oct 29 08:09:10 +0000 2020,FionaJLincs,"RT @ImIncorrigible: Donald Trump has incited dozens of supporters to carry out or threaten acts of violence

White supremacist terrorists,‚Ä¶",negative
456,1321725751423426560,Thu Oct 29 08:09:10 +0000 2020,angelakissesu,RT @PattyArquette: Reminder- Immigrant Women were given forced hysterectomies without their informed consent. There were Thousands of repor‚Ä¶,negative
457,1321725751134101506,Thu Oct 29 08:09:10 +0000 2020,ravensandstars,"RT @Bussarebel: MLK‚Äôs approval rating was 25%, Trump‚Äôs 40%. 

that‚Äôs all you need to know",positive
458,1321725750219821056,Thu Oct 29 08:09:09 +0000 2020,amuiludun,"RT @Ade_Nurayn: Let's get it clear, I don't think this current FG cares if you send 10million petitions to Trump requesting him to ban some‚Ä¶",positive
459,1321725749468913664,Thu Oct 29 08:09:09 +0000 2020,womb_a,"@nyt. @CNN. @foxnews.    Yes, we know it's your election &amp; your choice, but please, when voting, consider how your‚Ä¶ https://t.co/VqW5USq9Mh",negative
460,1321725749058064386,Thu Oct 29 08:09:09 +0000 2020,kevinrowlands8,RT @HillaryClinton: Trump's utter failure on COVID and McConnell's rejection of a recovery program has sent the market into freefall and mi‚Ä¶,negative
463,1321725747598225409,Thu Oct 29 08:09:09 +0000 2020,RSHalwani2,"RT @JoeBiden: Under Donald Trump‚Äôs leadership, we have become weaker and sicker. Tune in as I discuss how I‚Äôll get this virus under control‚Ä¶",positive
464,1321725747397120001,Thu Oct 29 08:09:09 +0000 2020,mattmacedonia,"RT @thehill: Trump strips protections for the nation‚Äôs largest old-growth forest, opening it to logging https://t.co/2Wl8XRhH8m https://t.c‚Ä¶",negative
465,1321725747325788160,Thu Oct 29 08:09:09 +0000 2020,UrsulaCuffee,"RT @glennkirschner2: Here‚Äôs a threatening email my friend, a retired fed prosecutor, just received (she notified the FBI) telling her to vo‚Ä¶",positive
466,1321725747325591552,Thu Oct 29 08:09:09 +0000 2020,Mudcrew,@SpeakerPelosi Trump /Pence 2020üá∫üá∏,negative
469,1321725743945179137,Thu Oct 29 08:09:08 +0000 2020,F41k0rz,"RT @RightWingWatch: Televangelist Kenneth Copeland declares that Trump is now immune to COVID-19, which is evidence that Christians are imm‚Ä¶",negative
470,1321725743433396227,Thu Oct 29 08:09:08 +0000 2020,AresRound2,"RT @ddiamond: Per two confidential sources, Trump repeatedly leaned on administration officials to set aside the funding for Nicklaus‚Äô hosp‚Ä¶",negative
471,1321725742896410624,Thu Oct 29 08:09:08 +0000 2020,_melxc,"RT @__jennrivera: Hi, friendly reminder to VOTE. I‚Äôm mf tired of these Bakersfield Trump supporters.",negative
473,1321725742351294464,Thu Oct 29 08:09:08 +0000 2020,shelbylaneMD,"RT @NateSilver538: The Supreme Court rulings seem consistent with ""SCOTUS will break a tie for Trump so Dems had better hope it's out of th‚Ä¶",positive
474,1321725741998907392,Thu Oct 29 08:09:08 +0000 2020,Dogbert_Catbert,RT @WoodyWoodyard2: @Michael_Yon Trump could post on Parler first than an hour or two later on Twitter. That would force the media to use P‚Ä¶,negative
475,1321725740942008322,Thu Oct 29 08:09:07 +0000 2020,the_Brit_view,@PeteButtigieg It‚Äôs hilarious that Trump of all people should be using this song to somehow give himself the look o‚Ä¶ https://t.co/qLyYthL4FB,positive
476,1321725740933619713,Thu Oct 29 08:09:07 +0000 2020,JennyS26,RT @Slate: The Trump administration is making a last ditch effort to install climate change sceptics at America‚Äôs top scientific agency. ht‚Ä¶,positive
478,1321725739872473088,Thu Oct 29 08:09:07 +0000 2020,Schubert210,@DavidLammy Farage spoke the truth here. I would vote trump if I were American.,negative
479,1321725739478274049,Thu Oct 29 08:09:07 +0000 2020,JohnAdams20204T,"@Seeker27237621 They have access to all his cameras on all his devices. 

Trump didn't lay down and accept their bullshit.",positive
480,1321725739423592448,Thu Oct 29 08:09:07 +0000 2020,GaryP2727,"@newsboy23 Climate change deniers, Trump supporters, anti-vax, small-minded nationalistic, tribal, right-to-lifers,‚Ä¶ https://t.co/nzznzxk8LO",positive
481,1321725739402731520,Thu Oct 29 08:09:07 +0000 2020,business_agm,"@QuickTake They‚Äôre imposing greater measures because The Great Reset will fuck over so many ppl they‚Äôll revolt, so‚Ä¶ https://t.co/VsLcDXJrCb",positive
482,1321725739285291008,Thu Oct 29 08:09:07 +0000 2020,tracypa11,"RT @MSNBC: ‚ÄúEvery time he focuses on my state or on me, we see the violent rhetoric increase. We see the threats online increase,‚Äù says Gov‚Ä¶",positive
483,1321725738303819776,Thu Oct 29 08:09:07 +0000 2020,shazdanz,"RT @gtconway3d: I had an amazing conversation this morning with ... Anonymous.  

Anonymous is a true patriot. 

We'll all be hearing a lot‚Ä¶",positive
484,1321725737552863232,Thu Oct 29 08:09:06 +0000 2020,tparker_63,RT @barriecassidy: And no Trump. Good deal.,positive
485,1321725736680673282,Thu Oct 29 08:09:06 +0000 2020,Kiwibest,"Two conservative operatives charged with election fraud for a Midwest robocall scam are ordered to call 85,000 peop‚Ä¶ https://t.co/1Q4IuWQuUi",negative
487,1321725734885466113,Thu Oct 29 08:09:06 +0000 2020,PilgreenRonnie,RT @JimJordanJacket: @funder Reminder that Trump and his kids are not even allowed to run a charity due to fraud.,negative
488,1321725734730100737,Thu Oct 29 08:09:06 +0000 2020,fay03917953,"RT @FlossObama: I can't believe after all this, that Trump has the support of 40 something percent of voters. 

It should be, Biden 98% wit‚Ä¶",negative
489,1321725734445027328,Thu Oct 29 08:09:06 +0000 2020,muggedbyBrexit,"RT @LoveEU67: My God, BBC Radio 2 News (I normally switch off) is now actually playing Farage‚Äôs homage to Trump. The same Farage who condem‚Ä¶",positive
490,1321725733933383680,Thu Oct 29 08:09:06 +0000 2020,FrancineMathi16,"RT @NBCNews: Hundreds of Trump supporters were left in the freezing cold for hours after a rally at an airfield in Omaha, Nebraska, on Tues‚Ä¶",negative
492,1321725733161586689,Thu Oct 29 08:09:05 +0000 2020,rooftopdennis,"RT @80_mcswan: Nigel Farage describes Donald Trump as the 'single most resilient and bravest person I've ever met in my life' 
Who is he tr‚Ä¶",positive
493,1321725733060833280,Thu Oct 29 08:09:05 +0000 2020,LasVegas_NV_USA,Trump paints apocalyptic portrait of life in U.S. under Biden https://t.co/5XVw4t16vg https://t.co/GdLNmuPvLf,negative
494,1321725732704251904,Thu Oct 29 08:09:05 +0000 2020,Emilie_ing,"RT @JenniferJJacobs: ""The letter, signed by prosecutors appointed by every GOP president from Eisenhower to Trump, is the latest instance o‚Ä¶",negative
495,1321725732477915136,Thu Oct 29 08:09:05 +0000 2020,LetsStartAgain3,"RT @MarcusTriton: President Trump's weekly memos to the governor's to wear masks in fine people who don't....
https://t.co/gmMtHdZD9m",positive
496,1321725732289015813,Thu Oct 29 08:09:05 +0000 2020,Mikegoff5,"RT @GregRubini: Joe Biden was in the voting booth today.

I bet he voted for Trump
üòÇüòÇüòÇüòÇüòÇüòÇ",positive
497,1321725732222062592,Thu Oct 29 08:09:05 +0000 2020,janiceholland62,"RT @amicus_curiae1: @GrimKim @AndrewSolender @mikeshinoda Again. 

July 19, 2020. Linkin Park says it sent a cease and desist letter to Pre‚Ä¶",positive
499,1321725730951188480,Thu Oct 29 08:09:05 +0000 2020,clair704,"@pjb_beasley @springsteen Not to worry, Trump has his own musicians of privileged position. He has Lil Pump and Kanyeü§∑‚Äç‚ôÄÔ∏è",negative
501,1321725729978130434,Thu Oct 29 08:09:05 +0000 2020,AlkorMyara,"RT @Ironhorse76: I've been asked to be a poll worker on Nov 3rd, but am feeling ambivalent. 

Living in hardcore Trump country, I don't kno‚Ä¶",positive
503,1321725728380145664,Thu Oct 29 08:09:04 +0000 2020,AishaaSmdd,"if yu support da phedophile , sausage , shrimp having ass trump I hope yu get ran over by a car matter a fact jump‚Ä¶ https://t.co/m0QIvIcbeb",positive
505,1321725727478337542,Thu Oct 29 08:09:04 +0000 2020,TheJayWay26,"RT @DeadlineWH: ‚ÄúTrump flying high above Omaha, Nebraska in the comfort of Air Force One while below him, his own rally-goers suffered the‚Ä¶",positive
506,1321725727331373056,Thu Oct 29 08:09:04 +0000 2020,FirestarX92,@JohnnyonTw1tter @benshapiro I wonder how many times you‚Äôve referenced how orange trump is,negative
507,1321725726891102209,Thu Oct 29 08:09:04 +0000 2020,officialussan,"RT @CNN: Trump's remarks ""suggest that he thinks that it is men who belong in the workplace and that women all are or should be married,"" w‚Ä¶",negative
508,1321725726756794368,Thu Oct 29 08:09:04 +0000 2020,diversity4trum1,"RT @ErikWemple: Asked about his lie to Anderson Cooper, Miles Taylor says he was doing what he'd pledged to do -- deny authorship and keep‚Ä¶",positive
509,1321725726433910784,Thu Oct 29 08:09:04 +0000 2020,Yukett,"'Anonymous' Trump administration critic identifies himself
https://t.co/UEIdwbhFA0",negative
510,1321725725641076737,Thu Oct 29 08:09:04 +0000 2020,EthanSVG,"RT @TonyAtamanuik: Considering I had the most accurate takes &amp; insights on Trump, plus I wrote a show and book that essentially predicted t‚Ä¶",negative
512,1321725724617789440,Thu Oct 29 08:09:03 +0000 2020,robertpijkeren,RT @thierrybaudet: ‚ÄúThis election is a choice between the American dream and a socialist nightmare.‚Äù Hij heeft gelijk. Live: Trump Holds Ca‚Ä¶,positive
513,1321725724290699264,Thu Oct 29 08:09:03 +0000 2020,screechingcat,RT @murray_nyc: @realDonaldTrump @nytimes @Google @CNN Trump is so ‚Äúnot bothered‚Äù by this news about Miles Taylor and the ‚Äúanonymous‚Äù artic‚Ä¶,negative
514,1321725723900477442,Thu Oct 29 08:09:03 +0000 2020,LasVegas_NV_USA,"Trump, Biden to appeal to last-minute voters in Florida https://t.co/1qC3jJO4tl https://t.co/gXOjeigdB7",negative
515,1321725723808272384,Thu Oct 29 08:09:03 +0000 2020,james_carroll,"Two conservative operatives charged with election fraud for a Midwest robocall scam are ordered to call 85,000 peop‚Ä¶ https://t.co/BjZiBvTw0C",negative
516,1321725723636166656,Thu Oct 29 08:09:03 +0000 2020,TruthSeekers111,RT @TruthSeekers111: Trump Is Reducing Poverty and Promoting Opportunity https://t.co/ixtoZ229lC,negative
517,1321725722763907072,Thu Oct 29 08:09:03 +0000 2020,orhon_kemal,RT @Emerfalen: Trending #Investor #Management #Business #Emerfalen #Leadership #Emerfalen #TeamEmerfalen #ClimateChange #EddieGuevara11  #C‚Ä¶,positive
519,1321725721694392321,Thu Oct 29 08:09:03 +0000 2020,nazuzuwin,RT @onefussyone: How long will it take before trump blames Biden for the stock market tanking?,negative
520,1321725720968732672,Thu Oct 29 08:09:03 +0000 2020,StagedDilemma,"I am voting for Donald Trump, because there is no better alternative. I don‚Äôt like him, and I don‚Äôt want to vote fo‚Ä¶ https://t.co/P5EDzfg1ck",negative
522,1321725720498905093,Thu Oct 29 08:09:02 +0000 2020,AnikaKupa,The best thing I read on Twitter today was @HamillHimself saying of Trump ‚Äúyou‚Äôre living in some episode of the twi‚Ä¶ https://t.co/vJQXJ8JjV7,positive
523,1321725720494788608,Thu Oct 29 08:09:02 +0000 2020,Thaddeus_P62,He is the 'bravest person I know':¬†Farage stumps for Trump https://t.co/9TqMNAVA9G via @YouTube,negative
524,1321725719429500928,Thu Oct 29 08:09:02 +0000 2020,Bob48349293,"@DA_LarryKrasner BEG Trump for help, Philly is a disaster, the Dems are clueless as it goes up in flames/looting. R‚Ä¶ https://t.co/PPTDodZIbJ",negative
526,1321725718351421440,Thu Oct 29 08:09:02 +0000 2020,Juliet_notRomeo,"RT @Mick_Limerick: @ericbradner He has the NERVE to talk about ‚Äúsuspicions of impropriety‚Äù?

He‚Äôs nothing but a Trump lackey, sitting on th‚Ä¶",negative
527,1321725718338899974,Thu Oct 29 08:09:02 +0000 2020,kbeaver1433,Trump‚Äôs Florida rally will be at an in-person early voting polling place ‚Äî side-stepping electioneering laws -‚Ä¶ https://t.co/Fi9mdiZHyt,negative
528,1321725718318010370,Thu Oct 29 08:09:02 +0000 2020,LeboRon,"RT @gregolear: The three people most responsible for the negligent pandemic response are Mike Pence, the head of the coronavirus task force‚Ä¶",negative
529,1321725718225702914,Thu Oct 29 08:09:02 +0000 2020,h1llbillies,RT @Thee_Roxy_Cox: President Trump doesn't now how heavy a washing machine is. You can't just walk out of a store with a washing machine.‚Ä¶,negative
531,1321725718024376320,Thu Oct 29 08:09:02 +0000 2020,scarletto,RT @coaimpaul: Back from a walk with my dog on a very wet morning. And I‚Äôm reading about Nigel Farage speaking alongside Trump in Arizona y‚Ä¶,negative
533,1321725717286129669,Thu Oct 29 08:09:02 +0000 2020,HaileyGreen43,"RT @0ctoberReignz: The Only Difference Of Trump
Being (Re-selected) Will Be The
Sense Of Betrayal When The NWO
Is Finalized - On His Watch‚Ä¶",positive
534,1321725717026099200,Thu Oct 29 08:09:02 +0000 2020,ndtvfeed,"""No Christmas, No Kids In School If You Vote For Biden"": Donald Trump https://t.co/gLCMpTbAVP https://t.co/tHRhr3oHVA",negative
535,1321725716942229505,Thu Oct 29 08:09:02 +0000 2020,TeaJunkie1,RT @Acyn: Eric Trump claims his social media likes are being throttled and he thinks that‚Äôs become the number one issue in politics over th‚Ä¶,positive
537,1321725716518653952,Thu Oct 29 08:09:01 +0000 2020,ratemytopics,Live Updates: Election 2020 polling average shows Biden leading Trump nationally with just days left ‚Äì Fox¬†News https://t.co/ugP3L9OkCz,negative
538,1321725716203999232,Thu Oct 29 08:09:01 +0000 2020,ctworrier,"RT @jeffzeleny: President Trump took off in Air Force One 1 hr 20 minutes ago, but thousands of his supporters remain stranded on a dark ro‚Ä¶",negative
540,1321725715012866049,Thu Oct 29 08:09:01 +0000 2020,pvsassone,RT @GrandpaSnarky: Let's be clear: Obama caught Bin Laden and Trump caught COVID.,positive
541,1321725714870210560,Thu Oct 29 08:09:01 +0000 2020,DomSmiff,@hutchinson He's basically a pound shop trump. Standard populist in many ways - masquerading as a 'man of the peopl‚Ä¶ https://t.co/AjH7od73nu,negative
542,1321725714605895680,Thu Oct 29 08:09:01 +0000 2020,Mycatsarerocks,RT @progressivepush: Bruce Springsteen Delivers Extraordinary Call For Voters To Dump Trump - The rock legend called for an ‚Äúexorcism‚Äù in W‚Ä¶,positive
543,1321725714257879042,Thu Oct 29 08:09:01 +0000 2020,Olarewau8467500,@AmbiMirianTochi @ShehuSani This is not about ewiala. is about leaders like trump that uses wealth and Christian re‚Ä¶ https://t.co/ZTVPrjfJSz,negative
